documento,nombre,vinculo
1,Faina Bennetts,Evento
2,Eduino Serrier,Empleado
3,Nari Furzey,Empleado
4,Conrade Coombes,Evento
5,Chickie Ivanyukov,Profesor
6,Rebeka Rigg,Empleado
7,Kizzie Joscelyn,Estudiante
8,Ronda Knott,Egresado
9,Reine Juhruke,Egresado
10,Helene Coupland,Evento
11,Grazia Bruster,Egresado
12,Letisha Lascell,Profesor
13,Rosemonde Prettyman,Profesor
14,Juan Giorgietto,Empleado
15,Marybeth Shea,Profesor
16,Annabel Buckell,Profesor
17,Morris Dipple,Estudiante
18,Roberta Germain,Profesor invitado
19,Derick Heersma,Evento
20,Shawn Brou,Egresado
21,Bambi Bovingdon,Profesor
22,Gusella Shead,Egresado
23,Joby Whittier,Evento
24,Roxanne Rignall,Egresado
25,Shannen Slyde,Estudiante
26,Cad Greschke,Profesor
27,Raf Draper,Profesor invitado
28,Darla Beric,Padre
29,Cyndy Pude,Empleado
30,Shannah Johannesson,Egresado
