id,Compartida,URLEsquema
3001,N,Zoomlounge
3002,Y,Leexo
3003,Y,Layo
3004,N,Skilith
3005,Y,Mymm
3006,Y,Eazzy
3007,N,Bluezoom
3008,N,Flashspan
3009,N,Avavee
3010,N,Yodoo
3011,N,Zooveo
3012,Y,Skynoodle
3013,N,Babbleblab
3014,Y,Myworks
3015,Y,Yodoo
3016,N,Topicware
3017,N,Digitube
3018,Y,Tagtune
3019,N,Fanoodle
3020,Y,Snaptags
3021,Y,Oyonder
3022,N,Leenti
3023,N,Wikibox
3024,Y,Midel
3025,N,Livefish
3026,Y,Riffwire
3027,Y,Topicblab
3028,N,Kanoodle
3029,N,Rhybox
3030,N,Jaxspan
3031,N,Mynte
3032,Y,Tagpad
3033,Y,Quatz
3034,N,Twinte
3035,N,Quimm
3036,N,Realpoint
3037,N,Rhyzio
3038,Y,Bubblebox
3039,Y,Buzzshare
3040,Y,Mymm
3041,N,Voonte
3042,Y,Flipstorm
3043,Y,Thoughtsphere
3044,Y,Aivee
3045,Y,Devify
3046,Y,Zoonoodle
3047,Y,Meeveo
3048,Y,Plambee
3049,Y,LiveZ
3050,N,Rhynoodle
3051,Y,Skivee
3052,Y,Snaptags
3053,Y,Twimbo
3054,N,Brainbox
3055,N,Twitterbridge
3056,N,Muxo
3057,Y,Buzzbean
3058,N,Mita
3059,N,Tagpad
3060,Y,Quinu
3061,Y,Blogtag
3062,N,Rhyzio
3063,Y,Babblestorm
3064,N,Livetube
3065,N,Wordpedia
3066,Y,Zoombeat
3067,N,BlogXS
3068,N,Vipe
3069,N,Brightdog
3070,Y,Jayo
3071,N,Thoughtstorm
3072,N,Browsebug
3073,N,Gabcube
3074,Y,Twitterlist
3075,N,Twimbo
3076,N,Topiclounge
3077,Y,Zoonder
3078,N,Myworks
3079,N,Eire
3080,N,Devbug
3081,N,Edgeify
3082,Y,Yata
3083,Y,Lazzy
3084,Y,Topiclounge
3085,N,Fatz
3086,N,Photobug
3087,N,Riffpedia
3088,N,Jabbersphere
3089,Y,InnoZ
3090,Y,Skalith
3091,N,Tagfeed
3092,Y,Fivebridge
3093,N,Wikizz
3094,N,Divape
3095,N,Eabox
3096,N,Chatterpoint
3097,N,Vipe
3098,N,Teklist
3099,Y,Skipfire
3100,Y,Jazzy
3101,N,Devpulse
3102,N,Jazzy
3103,N,Twiyo
3104,N,Gabspot
3105,N,Twitterwire
3106,Y,Agimba
3107,N,Camimbo
3108,N,Gabspot
3109,N,Feedbug
3110,Y,Livetube
3111,Y,Flipstorm
3112,N,Centidel
3113,Y,Mynte
3114,N,Jetwire
3115,N,Oozz
3116,N,Gigashots
3117,N,Avavee
3118,N,Dynabox
3119,N,Dabfeed
3120,N,Topiczoom
3121,N,Skaboo
3122,N,Zoomzone
3123,Y,Topicshots
3124,Y,Skipfire
3125,N,Twimm
3126,N,Vidoo
3127,Y,Voolia
3128,Y,Camimbo
3129,N,Twitterbeat
3130,Y,Brainsphere
3131,Y,Blogtags
3132,N,Wordify
3133,N,Npath
3134,Y,Dazzlesphere
3135,Y,Livetube
3136,N,Latz
3137,N,Skinder
3138,Y,Babblestorm
3139,Y,Zazio
3140,N,Photobug
3141,N,Yabox
3142,N,Avavee
3143,N,Dynabox
3144,N,Eabox
3145,N,Twitterlist
3146,Y,Vitz
3147,Y,Yata
3148,Y,Fadeo
3149,N,Rhycero
3150,Y,Jetwire
3151,N,Topiczoom
3152,N,Twiyo
3153,N,Avamba
3154,N,Rhycero
3155,N,Dabtype
3156,N,Eare
3157,Y,Babbleopia
3158,N,Skipstorm
3159,Y,Skiba
3160,N,Meeveo
3161,N,Dynabox
3162,N,Katz
3163,N,Wordify
3164,N,Rhynoodle
3165,Y,Realbridge
3166,N,Meetz
3167,N,Realcube
3168,Y,Skyndu
3169,Y,Brightdog
3170,Y,Babbleblab
3171,N,Izio
3172,Y,Tagopia
3173,N,Dynabox
3174,Y,Twimm
3175,Y,Pixoboo
3176,N,Gevee
3177,N,Feedfire
3178,N,Livefish
3179,Y,Quaxo
3180,N,Twinte
3181,Y,Blogspan
3182,Y,Rhyzio
3183,N,Innojam
3184,N,Thoughtbeat
3185,N,Yodel
3186,N,Aimbo
3187,N,Fiveclub
3188,N,Photofeed
3189,N,Kaymbo
3190,N,Jabbersphere
3191,N,Gabcube
3192,N,Vinder
3193,N,Twinder
3194,N,Katz
3195,N,Yakijo
3196,Y,Trupe
3197,N,Demimbu
3198,N,Brainsphere
3199,N,Riffpedia
3200,Y,Muxo
3201,Y,Oyondu
3202,N,Edgeify
3203,Y,Photobug
3204,N,Abata
3205,Y,Rhycero
3206,Y,Tagfeed
3207,Y,Edgewire
3208,N,Buzzbean
3209,N,Feedbug
3210,Y,Cogilith
3211,N,Pixope
3212,Y,Skiba
3213,N,Jabberstorm
3214,Y,Tagcat
3215,Y,Zooxo
3216,Y,Mudo
3217,N,Mynte
3218,Y,Jabbercube
3219,Y,Babbleblab
3220,N,Latz
3221,N,Skiptube
3222,Y,Divape
3223,N,Dabshots
3224,Y,Eamia
3225,Y,Oyoloo
3226,Y,Tagopia
3227,N,Devify
3228,Y,Rhyzio
3229,N,Jetpulse
3230,Y,Agimba
3231,Y,Thoughtmix
3232,Y,Tagcat
3233,Y,Ozu
3234,Y,Photobean
3235,N,Chatterpoint
3236,N,Cogidoo
3237,Y,Gabtype
3238,Y,Edgeclub
3239,Y,Oodoo
3240,Y,Tagcat
3241,N,Jetwire
3242,N,Realcube
3243,Y,Plambee
3244,N,Gigaclub
3245,Y,Youspan
3246,N,Twinte
3247,Y,Demizz
3248,N,Buzzdog
3249,N,Photojam
3250,N,Abata
3251,N,Meetz
3252,Y,Devpulse
3253,N,Pixoboo
3254,Y,Kamba
3255,N,Kazu
3256,Y,Yombu
3257,Y,Voolia
3258,Y,Jaxnation
3259,Y,Skiptube
3260,Y,Mydo
3261,N,Chatterpoint
3262,Y,Tanoodle
3263,N,Skyba
3264,Y,Photospace
3265,Y,Topicstorm
3266,Y,Camimbo
3267,N,Tagopia
3268,N,Quinu
3269,Y,Voolith
3270,N,Skivee
3271,N,Oyoba
3272,N,Gabcube
3273,N,Jaloo
3274,Y,Kare
3275,Y,Pixoboo
3276,Y,Oyoba
3277,Y,Chatterpoint
3278,N,Oyoba
3279,Y,Fiveclub
3280,Y,Agivu
3281,N,Skinte
3282,Y,Edgewire
3283,Y,Kanoodle
3284,Y,Photobug
3285,Y,Aimbo
3286,N,Flashspan
3287,Y,Mydeo
3288,N,Meevee
3289,Y,Gigashots
3290,N,Yoveo
3291,Y,Dabjam
3292,Y,Topiczoom
3293,N,Npath
3294,N,Youbridge
3295,Y,Yodel
3296,N,Kwideo
3297,Y,Thoughtmix
3298,Y,Browsetype
3299,Y,Aimbo
3300,Y,Dynabox
3301,N,Devbug
3302,N,Yakijo
3303,Y,Photolist
3304,N,Jabberstorm
3305,N,Jabberstorm
3306,N,Fiveclub
3307,N,Realfire
3308,N,Jaloo
3309,Y,Fatz
3310,Y,Wikizz
3311,Y,Twiyo
3312,Y,Linktype
3313,Y,Meedoo
3314,Y,Kwideo
3315,Y,Skynoodle
3316,N,Zoonder
3317,N,Avavee
3318,Y,Thoughtmix
3319,Y,Trudeo
3320,Y,Skajo
3321,N,Tagopia
3322,N,Voonyx
3323,N,Realbuzz
3324,N,Plajo
3325,N,Kwideo
3326,N,Voonte
3327,Y,Minyx
3328,N,Topiclounge
3329,N,Leexo
3330,Y,Roomm
3331,N,Brainverse
3332,Y,Mymm
3333,N,Mita
3334,N,Teklist
3335,Y,Digitube
3336,Y,Twitterwire
3337,N,Gabtype
3338,N,Tagtune
3339,N,Trilith
3340,Y,Yakitri
3341,N,Fivespan
3342,N,Gabvine
3343,Y,Nlounge
3344,Y,Divape
3345,N,Tagchat
3346,Y,Rooxo
3347,Y,Flipstorm
3348,N,Meeveo
3349,N,Fanoodle
3350,Y,Digitube
3351,N,Avamm
3352,N,Livetube
3353,Y,Tavu
3354,N,Twimm
3355,N,Rhyloo
3356,Y,Buzzshare
3357,Y,Eamia
3358,Y,Wikido
3359,Y,Riffpedia
3360,Y,Aimbu
3361,Y,Meeveo
3362,N,Gabtune
3363,Y,Yakitri
3364,N,Avaveo
3365,N,Eidel
3366,Y,Topiclounge
3367,N,Dynava
3368,N,Photobug
3369,Y,Thoughtsphere
3370,N,Avaveo
3371,Y,Zoomzone
3372,N,Quimm
3373,N,Shufflester
3374,Y,Quatz
3375,N,Shufflester
3376,Y,Wikibox
3377,N,Wordpedia
3378,Y,Linkbuzz
3379,Y,InnoZ
3380,Y,Skivee
3381,N,Skiptube
3382,Y,Eazzy
3383,N,Feedspan
3384,Y,Plambee
3385,N,Jabbercube
3386,Y,Thoughtbridge
3387,Y,Blogtags
3388,Y,Realcube
3389,N,Tekfly
3390,Y,Topicware
3391,N,Zoomdog
3392,Y,Latz
3393,N,Minyx
3394,N,Edgetag
3395,Y,Yabox
3396,Y,Yadel
3397,Y,Agivu
3398,N,Divanoodle
3399,N,Flashspan
3400,Y,Brainlounge
3401,N,Twimbo
3402,Y,Aibox
3403,Y,Nlounge
3404,N,Yotz
3405,Y,Chatterbridge
3406,N,Skippad
3407,N,Photobean
3408,Y,Oloo
3409,Y,Devify
3410,Y,Meejo
3411,Y,Browsecat
3412,N,Youopia
3413,Y,Ozu
3414,N,Browsecat
3415,Y,Talane
3416,Y,Fadeo
3417,Y,Wikizz
3418,N,Zava
3419,Y,Ntags
3420,Y,Centidel
3421,Y,Gigashots
3422,N,Kwinu
3423,Y,Kwideo
3424,Y,Gigazoom
3425,Y,Abata
3426,N,Shufflebeat
3427,N,Quinu
3428,N,Jabberstorm
3429,Y,Skiptube
3430,Y,Abatz
3431,Y,Buzzster
3432,Y,Cogilith
3433,N,Skinder
3434,Y,Youspan
3435,Y,Wordtune
3436,N,Eidel
3437,N,Myworks
3438,N,Skyba
3439,N,Trudoo
3440,Y,Youopia
3441,Y,Dabshots
3442,N,Thoughtmix
3443,Y,Skyvu
3444,Y,Zoonder
3445,Y,Realmix
3446,N,Quire
3447,N,Skiptube
3448,Y,Skinte
3449,Y,Skiba
3450,Y,Twimm
3451,Y,Rooxo
3452,N,Meezzy
3453,N,Zazio
3454,Y,Jamia
3455,Y,Rhyzio
3456,N,Demimbu
3457,N,Jabbersphere
3458,Y,Divape
3459,N,Roodel
3460,Y,Voomm
3461,Y,Bubblemix
3462,Y,Jamia
3463,N,Twitternation
3464,Y,Rooxo
3465,Y,Roombo
3466,N,Quatz
3467,Y,Tanoodle
3468,Y,Katz
3469,N,Edgetag
3470,N,Zoomcast
3471,Y,Divanoodle
3472,Y,Vipe
3473,Y,Wikizz
3474,N,Riffwire
3475,Y,Oyoyo
3476,Y,Photospace
3477,Y,Yotz
3478,N,Bubblemix
3479,Y,Wordtune
3480,N,Aimbu
3481,Y,Realpoint
3482,N,Lajo
3483,N,Blogtag
3484,Y,Dabjam
3485,Y,Ntag
3486,N,Realcube
3487,Y,Quaxo
3488,Y,Kazio
3489,N,Gevee
3490,N,Tazz
3491,Y,Skivee
3492,Y,Innotype
3493,N,Realpoint
3494,N,Yadel
3495,Y,Trilia
3496,N,Innotype
3497,Y,Nlounge
3498,Y,Katz
3499,N,Wordtune
3500,Y,Rhyzio
3501,N,Kayveo
3502,N,Thoughtmix
3503,Y,Livefish
3504,Y,Skalith
3505,Y,Latz
3506,Y,Aimbu
3507,N,Snaptags
3508,Y,Yotz
3509,N,Trilith
3510,N,Photofeed
3511,N,Edgeify
3512,N,Blogpad
3513,N,Aimbu
3514,N,Yamia
3515,N,Flashspan
3516,N,Avamba
3517,Y,Dazzlesphere
3518,Y,Tagopia
3519,N,Rhynoodle
3520,N,Divavu
3521,N,Shuffledrive
3522,Y,Tekfly
3523,Y,Yodel
3524,Y,Dabjam
3525,N,Twitterwire
3526,N,Topicware
3527,N,Kare
3528,Y,Jabbercube
3529,Y,Wordify
3530,Y,Topicblab
3531,N,Quatz
3532,Y,Topicstorm
3533,Y,Leenti
3534,Y,Oba
3535,Y,Kare
3536,Y,Mymm
3537,Y,Kimia
3538,Y,LiveZ
3539,Y,Flashdog
3540,Y,Skimia
3541,Y,Tagtune
3542,Y,Centidel
3543,Y,Pixope
3544,Y,Meedoo
3545,N,Demimbu
3546,N,Tagtune
3547,N,Skiba
3548,N,Centimia
3549,N,Shuffletag
3550,N,Janyx
3551,Y,Ntags
3552,N,Browsecat
3553,Y,Vipe
3554,Y,Wikibox
3555,N,Katz
3556,N,Mybuzz
3557,Y,Centimia
3558,Y,Voolith
3559,Y,Gabtype
3560,N,Layo
3561,Y,Photofeed
3562,N,Quimm
3563,Y,Cogibox
3564,Y,Flashspan
3565,Y,Skyvu
3566,N,Viva
3567,Y,Oba
3568,Y,Yakitri
3569,Y,Einti
3570,N,Zoonoodle
3571,Y,Jamia
3572,Y,Rhyloo
3573,N,Voonte
3574,Y,Aimbo
3575,N,Vinte
3576,N,Wikido
3577,Y,Buzzbean
3578,N,Vinder
3579,Y,Thoughtworks
3580,Y,Realbridge
3581,N,Mybuzz
3582,Y,Zoomlounge
3583,Y,Oyoba
3584,Y,Wordware
3585,Y,Shuffledrive
3586,Y,Gevee
3587,Y,Quinu
3588,N,Twitterbridge
3589,N,Latz
3590,Y,Mymm
3591,N,Oyoba
3592,Y,Vitz
3593,Y,Rhynoodle
3594,N,Viva
3595,N,Devpulse
3596,N,Katz
3597,Y,Omba
3598,Y,Fivechat
3599,N,Demivee
3600,N,Voolith
3601,N,Wordpedia
3602,N,Twitterlist
3603,Y,Aimbu
3604,Y,JumpXS
3605,N,Eazzy
3606,Y,Yadel
3607,N,Ozu
3608,N,Jabbertype
3609,N,Jatri
3610,N,Vinder
3611,N,Thoughtbridge
3612,Y,Kayveo
3613,Y,Yodo
3614,N,Thoughtstorm
3615,N,Nlounge
3616,N,Demivee
3617,N,Eamia
3618,Y,Realbridge
3619,N,Blogtag
3620,Y,Skidoo
3621,N,Roodel
3622,N,Latz
3623,N,Jetwire
3624,Y,Oyoloo
3625,Y,Innojam
3626,Y,Layo
3627,N,Photojam
3628,Y,Jetwire
3629,N,Photobug
3630,N,Bubblemix
3631,N,Blognation
3632,Y,Flashset
3633,Y,Viva
3634,N,Gabcube
3635,N,Tagpad
3636,Y,Ooba
3637,N,Babbleset
3638,N,Youbridge
3639,Y,Flipstorm
3640,N,Innojam
3641,Y,Jabberbean
3642,Y,Quinu
3643,Y,Zoomcast
3644,N,Bluejam
3645,N,Ooba
3646,Y,Kare
3647,Y,Tagopia
3648,Y,Flashspan
3649,N,Topdrive
3650,Y,JumpXS
3651,Y,Janyx
3652,Y,Ailane
3653,Y,Cogidoo
3654,Y,Riffpedia
3655,Y,Aibox
3656,N,Topdrive
3657,N,Dablist
3658,Y,Mydeo
3659,N,Dynabox
3660,Y,Flipopia
3661,Y,Trilith
3662,Y,Nlounge
3663,Y,Quimba
3664,N,Mydeo
3665,Y,Plambee
3666,N,Livetube
3667,N,Myworks
3668,N,Oyoloo
3669,N,Gevee
3670,Y,Gabtune
3671,N,Npath
3672,N,Mita
3673,Y,Yabox
3674,Y,Ailane
3675,Y,Fliptune
3676,N,Twimbo
3677,N,Cogidoo
3678,Y,Brightdog
3679,N,Leenti
3680,N,Feednation
3681,N,Bluezoom
3682,Y,Tavu
3683,Y,Livefish
3684,Y,Avavee
3685,N,Kazio
3686,N,Tagchat
3687,N,InnoZ
3688,Y,Wikizz
3689,N,Brainbox
3690,N,Yakidoo
3691,Y,Meejo
3692,Y,Skilith
3693,Y,Realbuzz
3694,Y,Fatz
3695,N,Shuffletag
3696,Y,Rhycero
3697,N,Fliptune
3698,Y,Rhynoodle
3699,N,Zazio
3700,Y,Trudoo
3701,Y,Tagcat
3702,N,Oloo
3703,N,Katz
3704,N,Youbridge
3705,N,Flashdog
3706,N,Zoomdog
3707,Y,Edgetag
3708,Y,Roombo
3709,Y,Thoughtblab
3710,N,Voolia
3711,N,Tazzy
3712,Y,Twinte
3713,N,Tambee
3714,N,Yacero
3715,N,Zoomcast
3716,N,Zoomzone
3717,Y,Kwilith
3718,Y,Zava
3719,Y,Skyba
3720,Y,Abata
3721,N,Bubbletube
3722,Y,Jabbersphere
3723,N,Feednation
3724,Y,Innotype
3725,Y,Meezzy
3726,N,Ozu
3727,Y,Agivu
3728,Y,Shuffletag
3729,N,Twinte
3730,Y,Leexo
3731,Y,Bluejam
3732,N,Mymm
3733,Y,Skidoo
3734,Y,Trilith
3735,Y,Bluejam
3736,Y,Dabvine
3737,Y,Eazzy
3738,Y,Dynava
3739,N,Chatterpoint
3740,Y,Plambee
3741,N,Cogilith
3742,N,Edgeclub
3743,N,Kwideo
3744,Y,Realblab
3745,Y,Photobean
3746,Y,InnoZ
3747,Y,Twinte
3748,N,Centidel
3749,N,Quaxo
3750,Y,Kwilith
3751,Y,Meezzy
3752,Y,Jabbertype
3753,N,Edgeify
3754,N,Jabbersphere
3755,Y,Twinder
3756,Y,Centidel
3757,N,Pixoboo
3758,Y,Talane
3759,Y,Midel
3760,N,Mymm
3761,N,Aimbu
3762,Y,Skivee
3763,N,Yacero
3764,Y,Youspan
3765,Y,Thoughtblab
3766,Y,Edgeblab
3767,Y,Thoughtsphere
3768,Y,Topicstorm
3769,N,Fanoodle
3770,Y,Flipopia
3771,N,Mymm
3772,N,Cogidoo
3773,N,Jatri
3774,Y,Talane
3775,N,Gigashots
3776,N,Flashdog
3777,Y,Leexo
3778,Y,Rhyzio
3779,Y,Gabcube
3780,Y,Skyba
3781,N,Babbleset
3782,N,Youfeed
3783,N,Trupe
3784,N,Divanoodle
3785,Y,Flashspan
3786,N,Browsecat
3787,Y,Skalith
3788,N,Flipopia
3789,N,Tavu
3790,Y,Trupe
3791,N,Yadel
3792,Y,Feedfire
3793,N,Dabjam
3794,N,Twinder
3795,N,Viva
3796,Y,Brainverse
3797,N,Cogilith
3798,N,Tazz
3799,N,Ntags
3800,Y,Brainlounge
3801,N,Blogpad
3802,Y,Tekfly
3803,Y,Katz
3804,N,Kwinu
3805,Y,Brainverse
3806,N,Yotz
3807,Y,Quamba
3808,N,Skinix
3809,Y,Devify
3810,Y,Eire
3811,N,Jabbertype
3812,Y,Chatterpoint
3813,N,Pixoboo
3814,Y,Jaloo
3815,Y,Youopia
3816,N,Lajo
3817,Y,Roombo
3818,Y,Zoonoodle
3819,N,Mydo
3820,Y,Feedfish
3821,Y,Skalith
3822,Y,Zooveo
3823,Y,Edgeclub
3824,N,Topdrive
3825,N,Podcat
3826,N,Jayo
3827,N,Browsezoom
3828,Y,Bubblebox
3829,N,Vinder
3830,Y,BlogXS
3831,N,Meetz
3832,N,Zoonder
3833,Y,Voonder
3834,Y,Gigaclub
3835,Y,Leexo
3836,N,Dynabox
3837,N,Yabox
3838,Y,Youopia
3839,N,Shuffletag
3840,N,Plajo
3841,N,Thoughtbridge
3842,N,Camimbo
3843,N,Vinte
3844,Y,Dynabox
3845,N,Rooxo
3846,Y,Eire
3847,N,Babbleblab
3848,Y,Cogibox
3849,N,Gabtune
3850,Y,InnoZ
3851,N,Eamia
3852,Y,Skidoo
3853,N,Yotz
3854,Y,Quatz
3855,Y,Jabbertype
3856,Y,Katz
3857,Y,Gigaclub
3858,N,Skyba
3859,N,Feedfire
3860,N,Riffpedia
3861,Y,Topiczoom
3862,N,Gabspot
3863,N,Youspan
3864,Y,Rhyloo
3865,N,Youopia
3866,N,Mydo
3867,Y,Youspan
3868,Y,Tazzy
3869,N,Cogilith
3870,Y,Thoughtworks
3871,N,Zoombox
3872,N,Skynoodle
3873,Y,Voolia
3874,Y,Photofeed
3875,N,Topicware
3876,N,Myworks
3877,N,Brainlounge
3878,Y,Quimba
3879,Y,Vinder
3880,N,Devcast
3881,N,Zoomcast
3882,N,Babblestorm
3883,N,Gigazoom
3884,N,Oyondu
3885,N,Aivee
3886,N,Vinder
3887,N,Skynoodle
3888,Y,Photolist
3889,Y,Oyoba
3890,Y,Browsecat
3891,N,Tazzy
3892,Y,Mydeo
3893,N,Bubblebox
3894,N,Browseblab
3895,Y,Dynabox
3896,N,Youopia
3897,Y,Muxo
3898,N,Wikibox
3899,N,Oyondu
3900,N,Realcube
3901,N,Mudo
3902,Y,Skidoo
3903,Y,JumpXS
3904,Y,Zoonoodle
3905,Y,Bubbletube
3906,Y,Meezzy
3907,Y,Yodo
3908,N,Yombu
3909,Y,Tagpad
3910,N,Realmix
3911,Y,Zoozzy
3912,Y,Flashdog
3913,N,Miboo
3914,Y,Eadel
3915,N,Zoombeat
3916,N,Realpoint
3917,Y,Mydo
3918,N,Zoombox
3919,N,Edgeclub
3920,N,Tazzy
3921,Y,Brainverse
3922,N,Divanoodle
3923,Y,Camido
3924,Y,Devify
3925,Y,Fivespan
3926,N,Flashspan
3927,N,Katz
3928,N,Flashset
3929,Y,Eare
3930,N,Skimia
3931,Y,Einti
3932,Y,Cogidoo
3933,N,Skyndu
3934,N,Eimbee
3935,Y,Mymm
3936,N,Oyondu
3937,N,Livetube
3938,N,Miboo
3939,Y,Linkbuzz
3940,Y,Topicware
3941,Y,Rooxo
3942,N,Meevee
3943,Y,Roombo
3944,Y,Roombo
3945,N,Pixonyx
3946,Y,Skinte
3947,N,Izio
3948,Y,Jayo
3949,N,Meezzy
3950,Y,Topiclounge
3951,Y,Trudeo
3952,N,Shufflester
3953,N,Zava
3954,Y,Oyope
3955,N,Agimba
3956,N,Mydo
3957,N,Kamba
3958,N,Zooveo
3959,N,Yoveo
3960,Y,Quinu
3961,N,Innotype
3962,N,Eire
3963,Y,Topicblab
3964,Y,Myworks
3965,N,Twitterlist
3966,N,Devify
3967,Y,Skalith
3968,Y,Demimbu
3969,Y,Roombo
3970,Y,Eazzy
3971,Y,Brainbox
3972,N,Dynabox
3973,Y,JumpXS
3974,N,Rhycero
3975,N,Zoombox
3976,N,Leexo
3977,N,Midel
3978,N,Photobean
3979,N,Mycat
3980,Y,Teklist
3981,Y,Layo
3982,N,Vitz
3983,N,Livetube
3984,Y,Quinu
3985,N,Geba
3986,Y,Riffpedia
3987,Y,Riffwire
3988,Y,Gigazoom
3989,N,Brightdog
3990,Y,Zava
3991,Y,Topicblab
3992,N,Snaptags
3993,N,Flipopia
3994,Y,Tavu
3995,Y,InnoZ
3996,Y,Twinte
3997,Y,Flipopia
3998,Y,Mynte
3999,Y,Lajo
4000,N,Brainsphere
