id,NombreHostal,registroSI,registroCamara,horarioApertura,horarioCierre
2001,Trudoo,236,131,8:23 AM,4:56 AM
2002,Kayveo,960,362,7:10 AM,2:54 AM
2003,Jayo,491,129,3:19 AM,4:32 AM
2004,Vimbo,898,328,11:28 AM,7:00 PM
2005,Topdrive,960,292,7:51 PM,4:01 PM
2006,Aivee,179,211,1:16 AM,6:19 AM
2007,Skinix,54,332,4:50 PM,5:24 PM
2008,Dynava,984,889,1:10 AM,10:42 PM
2009,Blogtags,361,699,6:22 PM,3:25 PM
2010,Tavu,88,398,1:28 AM,7:43 PM
2011,Digitube,420,785,11:35 PM,7:21 AM
2012,Voomm,631,727,10:45 AM,5:50 PM
2013,Devcast,522,66,7:10 AM,5:14 AM
2014,Kimia,241,272,8:06 AM,2:35 PM
2015,Centimia,459,357,9:20 AM,9:39 AM
2016,Vimbo,503,498,11:00 AM,4:31 PM
2017,Nlounge,156,302,1:14 PM,9:16 PM
2018,Devbug,230,801,7:48 AM,10:33 AM
2019,Meevee,873,446,8:18 PM,5:47 AM
2020,Thoughtbeat,925,878,10:40 AM,5:51 PM
2021,Photofeed,248,835,9:46 PM,6:53 PM
2022,Twitternation,900,547,12:09 PM,4:25 PM
2023,Youbridge,97,747,8:52 AM,9:31 PM
2024,Twinte,547,811,10:06 PM,8:03 PM
2025,Realcube,780,691,9:05 AM,11:22 PM
2026,Jetwire,42,221,3:08 PM,3:26 AM
2027,Skynoodle,52,219,9:45 AM,1:38 AM
2028,Buzzdog,85,157,1:17 AM,9:14 AM
2029,Omba,685,4,3:43 AM,6:26 PM
2030,Avamm,671,538,8:51 PM,7:29 PM
2031,Brainverse,356,378,12:25 AM,9:35 AM
2032,Topicshots,426,971,3:35 AM,5:22 PM
2033,Linkbuzz,105,525,6:24 PM,11:06 AM
2034,Voomm,103,410,4:26 AM,4:32 PM
2035,Linklinks,164,563,4:39 PM,12:33 PM
2036,Topicblab,697,744,4:54 AM,7:41 PM
2037,Flashdog,247,876,3:26 AM,6:09 AM
2038,Minyx,292,808,3:48 AM,5:45 AM
2039,Eire,574,134,9:14 AM,6:10 PM
2040,Gevee,778,9,11:50 AM,3:21 PM
2041,Livetube,959,477,10:43 PM,4:36 AM
2042,Wikibox,502,407,2:51 PM,10:34 AM
2043,Buzzbean,50,17,8:30 PM,2:52 PM
2044,Jaxspan,953,507,6:37 AM,8:36 PM
2045,Cogilith,998,543,11:16 AM,6:48 PM
2046,Voolith,580,928,6:59 AM,11:01 AM
2047,Browsezoom,644,85,2:17 AM,6:02 AM
2048,Buzzster,262,976,5:48 AM,8:14 AM
2049,Janyx,655,69,9:48 AM,8:35 PM
2050,Jabberbean,97,846,12:34 PM,5:42 AM
2051,Mudo,149,809,4:50 AM,3:18 PM
2052,Blogtag,284,326,8:18 AM,9:03 AM
2053,Twitterbeat,228,840,9:12 AM,4:46 PM
2054,Jaloo,96,601,4:44 PM,10:14 PM
2055,Gevee,551,430,3:33 PM,8:09 PM
2056,Livepath,748,625,9:09 PM,10:51 PM
2057,Jabberstorm,676,198,3:26 AM,11:43 PM
2058,Tagopia,48,45,4:13 AM,11:16 PM
2059,Miboo,477,412,3:46 AM,7:05 AM
2060,Wordtune,769,517,10:59 AM,7:21 AM
2061,Jaxbean,243,358,8:40 PM,12:49 PM
2062,Gevee,683,306,8:49 PM,9:33 AM
2063,Devcast,116,38,12:30 AM,6:33 PM
2064,Wordify,628,982,3:53 PM,2:30 AM
2065,Oloo,4,867,2:28 AM,1:31 PM
2066,Wordify,544,569,12:46 PM,7:52 AM
2067,Buzzshare,876,10,4:43 PM,11:33 PM
2068,Oyoba,60,553,10:53 PM,1:48 PM
2069,Kanoodle,286,695,8:42 PM,7:35 AM
2070,BlogXS,243,924,2:31 AM,2:37 AM
2071,Twiyo,305,583,10:02 AM,8:49 AM
2072,Pixonyx,115,236,7:54 AM,1:20 AM
2073,Flashspan,556,76,7:21 AM,8:10 PM
2074,Edgepulse,888,658,1:56 AM,10:51 PM
2075,Kimia,757,471,6:03 AM,3:45 PM
2076,Devify,969,104,11:16 PM,12:38 PM
2077,Kazio,866,451,2:54 AM,9:30 AM
2078,Twiyo,468,315,10:35 PM,11:16 PM
2079,Divanoodle,656,705,1:46 AM,10:28 PM
2080,Devify,800,37,9:55 PM,6:09 AM
2081,JumpXS,962,136,11:26 AM,4:29 AM
2082,Ailane,885,556,1:00 AM,6:39 AM
2083,Vipe,381,138,4:56 PM,9:56 AM
2084,Yombu,384,840,1:13 AM,10:47 PM
2085,Oba,661,961,1:58 PM,11:26 PM
2086,Thoughtbeat,157,34,8:09 AM,9:43 PM
2087,Kayveo,937,260,5:56 AM,9:51 AM
2088,Tagopia,232,73,6:38 AM,9:27 PM
2089,Bubblemix,616,589,3:06 PM,12:59 AM
2090,Twitterwire,346,651,10:15 AM,3:54 PM
2091,Tagchat,382,985,3:37 AM,5:48 PM
2092,Skimia,982,299,5:44 AM,6:59 AM
2093,Meejo,193,247,7:49 PM,8:18 AM
2094,Thoughtblab,872,82,11:44 PM,3:27 AM
2095,Zava,631,130,6:18 AM,5:36 AM
2096,Gigaclub,850,740,11:25 AM,10:24 AM
2097,Meejo,789,360,9:32 AM,12:58 PM
2098,Lazz,764,735,3:01 PM,2:41 PM
2099,Skiptube,901,875,7:06 PM,8:22 PM
2100,BlogXS,410,383,5:24 PM,8:23 AM
2101,Centizu,65,639,6:37 PM,8:39 PM
2102,Eabox,10,561,10:17 AM,6:15 PM
2103,Midel,446,297,10:15 AM,12:04 AM
2104,Browsetype,146,655,3:44 PM,4:51 AM
2105,Wikido,999,582,5:43 AM,1:59 PM
2106,Babbleset,572,846,3:48 AM,4:34 AM
2107,Linkbuzz,495,480,4:25 AM,5:14 AM
2108,Yabox,456,197,3:01 PM,6:58 AM
2109,Dabshots,935,265,7:11 AM,7:56 AM
2110,Flipbug,812,826,6:45 AM,4:10 AM
2111,Babbleset,463,865,11:47 PM,5:01 PM
2112,Flipopia,125,910,5:42 AM,11:34 PM
2113,Jaxbean,747,769,12:45 AM,11:51 PM
2114,Omba,551,117,3:00 PM,5:24 PM
2115,Browsebug,489,261,1:43 AM,6:27 PM
2116,Zooxo,222,324,12:19 AM,7:25 AM
2117,Tagpad,421,533,5:54 AM,3:35 AM
2118,Yotz,466,934,2:17 PM,8:03 AM
2119,Gabspot,724,655,12:47 PM,9:55 AM
2120,Meejo,456,581,11:26 AM,1:04 PM
2121,Fatz,640,44,3:03 PM,6:40 AM
2122,Eamia,45,637,1:52 AM,6:06 PM
2123,Twitterbeat,79,789,10:00 PM,4:25 PM
2124,Skiptube,477,642,4:12 AM,11:53 PM
2125,Thoughtstorm,598,206,1:14 PM,3:05 AM
2126,Vinte,971,523,3:25 AM,12:03 AM
2127,Janyx,308,484,5:04 PM,7:44 PM
2128,Zoovu,743,799,12:17 PM,1:22 PM
2129,Rooxo,908,318,7:43 AM,3:28 PM
2130,Centimia,452,325,2:34 PM,5:38 AM
2131,Minyx,885,978,9:00 AM,12:23 PM
2132,Skyba,824,471,11:44 PM,7:05 AM
2133,Wikivu,945,628,5:16 AM,10:45 AM
2134,Zoomzone,675,807,4:19 AM,10:15 AM
2135,Voolia,531,593,3:48 PM,12:40 PM
2136,Yotz,625,112,7:04 AM,6:49 PM
2137,Yodo,983,87,7:19 PM,5:45 PM
2138,Voomm,521,146,6:53 PM,8:22 AM
2139,Oyoloo,910,351,10:43 AM,5:46 AM
2140,Ntag,568,285,9:53 PM,11:17 AM
2141,Rhyloo,219,797,7:08 PM,12:48 PM
2142,Ooba,348,238,4:19 AM,4:57 PM
2143,Leenti,480,435,1:36 AM,2:04 PM
2144,Browsedrive,412,227,1:14 PM,6:51 PM
2145,Skyble,534,37,8:41 AM,4:15 AM
2146,Skalith,745,34,8:30 AM,4:19 PM
2147,Riffpedia,545,868,7:01 PM,7:35 PM
2148,Twinder,522,896,5:56 AM,10:47 AM
2149,Edgeclub,310,943,7:53 AM,10:12 PM
2150,Zoomdog,641,136,8:52 PM,4:39 PM
2151,Browsecat,74,99,10:38 PM,2:41 AM
2152,Edgeblab,342,152,4:45 PM,1:39 PM
2153,Dabfeed,532,14,3:18 AM,10:56 AM
2154,Wordtune,71,835,5:23 PM,8:43 AM
2155,Janyx,55,666,9:38 PM,7:11 PM
2156,Zoomdog,641,773,6:19 AM,6:33 AM
2157,Devpoint,58,39,10:47 AM,4:56 PM
2158,Buzzbean,103,418,8:08 AM,8:00 AM
2159,Tekfly,227,474,8:07 AM,1:14 PM
2160,Dabvine,164,820,10:49 AM,2:06 PM
2161,Jabbercube,819,698,11:43 AM,7:42 AM
2162,Zoomdog,776,572,7:50 PM,2:57 PM
2163,Meezzy,500,1,6:59 PM,2:27 AM
2164,Ainyx,130,170,4:44 PM,9:51 AM
2165,Feedfire,985,707,10:15 AM,6:39 PM
2166,Buzzdog,693,461,7:02 AM,1:45 PM
2167,Riffpath,313,357,1:56 PM,5:15 AM
2168,Eamia,822,138,12:52 AM,4:27 PM
2169,Vitz,592,272,5:54 AM,5:26 PM
2170,Vimbo,784,12,2:30 AM,6:38 PM
2171,Topicshots,399,632,7:39 AM,3:55 PM
2172,Trunyx,853,875,8:19 PM,5:20 PM
2173,Brainbox,353,308,6:45 PM,7:26 AM
2174,Zoomcast,708,968,11:59 AM,9:15 AM
2175,Meembee,844,548,4:16 AM,7:21 PM
2176,Gigazoom,537,237,1:44 AM,4:57 AM
2177,Rooxo,299,360,10:37 AM,11:57 AM
2178,Photofeed,102,264,4:05 AM,5:52 PM
2179,Skajo,269,388,12:58 AM,7:47 PM
2180,Photobean,662,467,3:15 PM,2:23 AM
2181,Mita,435,651,10:51 AM,4:36 PM
2182,Fliptune,753,513,9:30 AM,10:46 AM
2183,Kamba,71,341,1:21 AM,9:55 AM
2184,Tagpad,944,979,4:05 PM,3:45 PM
2185,Quire,67,642,6:31 PM,1:18 PM
2186,Vitz,355,451,3:56 AM,5:06 PM
2187,Pixope,615,287,4:10 PM,8:37 AM
2188,Abatz,771,129,11:09 AM,7:46 PM
2189,Thoughtbridge,481,884,8:52 AM,1:35 PM
2190,Meezzy,872,240,2:24 AM,9:48 PM
2191,Babbleset,338,589,8:02 AM,5:03 AM
2192,Demizz,149,8,5:02 AM,11:23 AM
2193,Twimbo,405,171,6:23 PM,4:49 PM
2194,Teklist,97,423,8:35 AM,9:00 AM
2195,Vinte,681,432,10:27 AM,7:41 AM
2196,Dabtype,86,320,4:00 AM,5:08 AM
2197,Zoombeat,200,362,2:54 PM,8:14 AM
2198,Fivechat,423,839,2:13 PM,11:03 PM
2199,Feedmix,624,22,7:24 AM,1:39 AM
2200,Eabox,101,725,6:09 PM,6:16 PM
2201,Riffpedia,975,416,10:05 AM,4:35 PM
2202,Abatz,237,12,12:03 PM,5:50 PM
2203,Browsedrive,878,806,6:52 PM,12:38 PM
2204,Agimba,43,458,3:38 AM,5:48 PM
2205,Kayveo,569,395,2:18 AM,3:23 PM
2206,Livetube,469,960,11:55 AM,8:08 PM
2207,Browsetype,221,86,4:11 PM,10:14 PM
2208,Browseblab,785,518,8:22 AM,9:38 PM
2209,Tagcat,313,184,11:27 AM,8:51 PM
2210,Yabox,656,615,11:13 AM,5:39 PM
2211,Abata,128,406,3:56 PM,2:30 AM
2212,Aivee,679,7,9:25 AM,12:26 AM
2213,Flashpoint,393,915,8:46 AM,9:11 PM
2214,Kwilith,410,489,8:16 PM,8:17 PM
2215,Zoombox,481,878,11:39 AM,7:53 PM
2216,Wordware,989,653,9:52 PM,9:54 PM
2217,Fivebridge,844,269,3:49 AM,5:50 PM
2218,Babbleopia,753,657,7:37 PM,11:21 PM
2219,Jazzy,472,535,2:00 AM,2:33 PM
2220,Voolia,367,541,1:42 PM,3:35 AM
2221,Agivu,870,466,8:58 PM,7:20 PM
2222,Meevee,949,67,11:45 AM,3:54 AM
2223,Fivechat,443,491,8:55 PM,9:42 PM
2224,Skimia,761,645,8:43 PM,9:33 PM
2225,Quinu,548,365,2:06 PM,10:00 AM
2226,Zoonder,675,620,11:28 PM,6:23 PM
2227,Babbleset,987,9,7:38 AM,10:08 AM
2228,Realmix,440,189,5:39 PM,2:08 AM
2229,Skajo,596,729,8:39 PM,11:48 PM
2230,Ainyx,733,821,1:39 PM,10:52 AM
2231,Dabfeed,543,670,11:10 AM,10:01 AM
2232,Ntags,92,959,4:36 AM,6:04 PM
2233,Twitterbeat,578,139,1:50 AM,8:48 PM
2234,Realbridge,441,651,7:30 AM,2:19 PM
2235,Katz,847,85,2:21 AM,6:25 PM
2236,Eamia,956,839,6:36 AM,6:27 AM
2237,Yacero,706,881,1:58 AM,12:07 PM
2238,Flipbug,917,994,3:44 AM,10:39 PM
2239,Ntags,675,555,10:59 PM,5:45 PM
2240,JumpXS,865,199,10:09 PM,8:50 AM
2241,Jabbertype,471,524,10:48 PM,7:36 PM
2242,Skiptube,201,726,4:41 AM,4:25 PM
2243,Cogidoo,741,130,10:51 PM,3:31 AM
2244,Browsedrive,216,813,8:53 PM,12:05 AM
2245,Livefish,525,453,9:53 AM,10:19 PM
2246,Devpulse,284,463,6:18 AM,6:41 AM
2247,Skipstorm,699,298,12:45 AM,4:45 AM
2248,Tagfeed,673,224,2:51 AM,5:36 AM
2249,Voolith,608,750,7:28 PM,7:16 PM
2250,Gabvine,750,95,12:15 AM,5:10 AM
2251,Linklinks,254,576,2:00 PM,12:33 PM
2252,Babblestorm,248,245,12:50 PM,8:26 AM
2253,Yamia,669,996,2:47 PM,12:35 AM
2254,Quinu,23,174,9:33 AM,1:34 AM
2255,Skivee,50,342,10:56 PM,12:58 PM
2256,Oodoo,914,801,6:54 PM,7:28 AM
2257,Skilith,731,217,2:46 PM,2:57 PM
2258,Gabcube,82,954,2:22 PM,11:54 PM
2259,Oyonder,338,103,4:30 PM,4:00 AM
2260,Mybuzz,72,938,8:10 AM,5:45 AM
2261,Centimia,691,509,1:57 AM,7:15 PM
2262,Topicstorm,915,728,12:12 AM,5:22 PM
2263,Edgeify,663,941,11:13 PM,12:21 PM
2264,Eabox,728,318,3:35 PM,5:04 PM
2265,Blogspan,818,649,9:41 AM,1:18 AM
2266,Skiptube,864,385,4:06 AM,10:15 PM
2267,Quimba,162,705,11:55 AM,1:20 PM
2268,Rhynoodle,852,763,8:38 AM,5:47 AM
2269,Babbleblab,571,683,3:56 AM,5:21 PM
2270,Mymm,29,510,1:29 PM,6:27 AM
2271,Dabfeed,717,921,7:53 AM,12:24 AM
2272,Leenti,802,233,10:29 PM,2:20 AM
2273,Brainverse,893,537,12:00 AM,8:48 AM
2274,Blogpad,119,618,7:59 AM,11:25 PM
2275,Mudo,700,233,12:14 PM,9:17 PM
2276,Twitterlist,223,354,3:18 PM,11:17 AM
2277,Thoughtsphere,439,660,5:41 AM,10:09 AM
2278,Edgewire,68,227,6:38 PM,2:43 PM
2279,Kazu,999,760,1:50 PM,6:04 PM
2280,Oyonder,960,778,1:35 PM,2:26 PM
2281,Voolia,21,563,2:04 PM,4:00 PM
2282,Rhynoodle,833,995,9:29 PM,6:03 PM
2283,Oyoba,261,423,7:09 AM,4:53 AM
2284,Skipstorm,606,196,9:00 AM,3:07 AM
2285,Pixoboo,364,426,4:20 PM,7:37 AM
2286,Eayo,956,491,12:51 PM,12:36 PM
2287,Realbridge,788,755,9:46 PM,7:14 PM
2288,Thoughtblab,385,444,5:04 AM,3:48 AM
2289,Mynte,789,262,12:46 PM,12:45 AM
2290,Mycat,537,197,7:48 PM,10:57 PM
2291,Zoomcast,857,219,2:10 AM,6:57 PM
2292,Layo,115,1,5:35 AM,5:00 PM
2293,Thoughtsphere,676,951,5:19 PM,10:12 AM
2294,Tagopia,653,428,12:30 AM,1:04 AM
2295,Tagfeed,956,183,12:46 AM,3:11 AM
2296,Edgeify,13,587,1:06 PM,5:38 AM
2297,Voolia,290,269,3:49 PM,5:41 AM
2298,Lazzy,583,863,10:32 PM,8:34 PM
2299,Buzzbean,960,222,9:53 PM,11:01 AM
2300,Edgetag,655,557,9:38 AM,8:30 PM
2301,Blognation,745,198,1:24 AM,3:32 PM
2302,Jayo,487,33,7:05 PM,6:39 AM
2303,Devpoint,983,362,6:27 PM,3:25 AM
2304,Brainsphere,365,180,8:23 PM,7:08 PM
2305,Gabspot,130,111,10:55 PM,7:04 AM
2306,Feedfish,817,262,10:26 AM,9:39 AM
2307,Devpulse,499,545,10:00 AM,8:24 PM
2308,Realcube,253,223,1:27 PM,5:05 PM
2309,Realbridge,681,50,2:58 PM,1:17 PM
2310,Meevee,409,2,4:44 PM,5:27 PM
2311,Linkbuzz,610,221,2:28 PM,5:31 PM
2312,Twimm,803,43,5:51 AM,9:58 PM
2313,Jabbercube,656,708,1:12 AM,4:59 AM
2314,Gabvine,513,860,9:54 PM,9:03 AM
2315,Fivechat,446,182,8:27 PM,5:20 AM
2316,Eabox,785,994,5:10 PM,1:33 PM
2317,InnoZ,103,132,9:52 PM,3:08 AM
2318,Zoonder,172,627,9:59 AM,12:41 AM
2319,Wikido,19,566,12:26 PM,7:55 PM
2320,Tazzy,449,289,11:26 AM,3:45 PM
2321,Avamba,482,141,7:32 PM,12:45 AM
2322,Kazio,917,310,12:55 PM,9:29 AM
2323,Livefish,607,508,11:55 AM,9:15 PM
2324,Jaloo,139,125,2:01 PM,4:01 AM
2325,Quinu,256,171,1:50 PM,9:30 AM
2326,Roomm,228,870,6:54 PM,10:12 PM
2327,Omba,476,326,10:24 AM,3:19 AM
2328,Twitterbridge,707,896,3:54 AM,1:27 AM
2329,Meetz,202,131,11:57 AM,5:42 AM
2330,Photospace,81,727,12:37 AM,6:37 AM
2331,Kaymbo,202,500,4:29 PM,10:36 PM
2332,Zoonoodle,607,255,1:40 PM,4:00 AM
2333,Brainsphere,248,995,6:25 PM,4:16 PM
2334,Eare,547,42,2:03 AM,5:46 AM
2335,Realblab,882,101,7:21 PM,7:58 PM
2336,Kazio,890,201,3:38 AM,9:24 AM
2337,Dynabox,648,745,8:59 PM,6:41 PM
2338,Leexo,22,945,6:32 AM,11:04 PM
2339,Devify,738,754,8:15 AM,2:18 AM
2340,Eamia,163,684,6:27 PM,2:36 AM
2341,Twinte,995,645,11:33 PM,2:48 AM
2342,BlogXS,278,4,2:34 AM,7:45 AM
2343,Zazio,22,229,10:06 PM,9:14 PM
2344,Lazzy,281,407,11:59 AM,9:00 PM
2345,Demimbu,143,299,11:33 AM,3:35 AM
2346,Yadel,765,28,12:25 AM,9:33 PM
2347,Browsebug,60,845,12:46 AM,10:24 PM
2348,Skyba,715,679,8:07 PM,12:11 AM
2349,Jaxnation,344,892,7:33 AM,1:52 PM
2350,Yodo,11,897,2:32 AM,8:41 AM
2351,Zava,810,156,9:34 PM,4:36 AM
2352,Oyoloo,847,184,3:58 AM,7:22 PM
2353,Livefish,772,582,9:41 PM,5:24 AM
2354,Rhycero,723,204,4:25 PM,8:42 PM
2355,Browsebug,220,427,12:48 PM,2:45 PM
2356,Dabfeed,554,37,5:42 PM,10:13 AM
2357,Vinte,962,476,4:35 AM,8:29 AM
2358,Trilia,158,195,11:09 PM,6:25 PM
2359,Browsetype,58,937,9:55 AM,10:47 AM
2360,Divavu,504,26,12:58 PM,9:59 AM
2361,Gabcube,330,269,1:04 AM,1:22 PM
2362,Bubblemix,550,282,11:02 PM,8:44 PM
2363,Livefish,710,239,8:28 PM,8:57 PM
2364,Jabbercube,982,784,8:17 PM,6:07 AM
2365,Dynabox,840,666,8:02 AM,6:32 AM
2366,Yamia,588,702,12:05 PM,4:09 AM
2367,Tagchat,786,642,3:46 PM,12:01 AM
2368,Zoomzone,968,460,7:25 AM,4:40 PM
2369,Jazzy,295,417,12:13 PM,2:47 PM
2370,Browseblab,663,208,1:19 PM,2:55 PM
2371,Gabspot,127,949,6:20 PM,6:15 AM
2372,Meetz,110,626,6:48 PM,1:35 PM
2373,Devshare,450,911,3:45 PM,10:55 PM
2374,Youspan,759,835,8:52 AM,3:56 AM
2375,Twimbo,442,35,6:49 AM,10:31 PM
2376,Yodo,254,802,9:58 PM,8:14 PM
2377,Gabtune,720,938,3:49 AM,10:43 AM
2378,Oloo,329,642,1:39 AM,3:45 AM
2379,Vinte,20,810,4:05 AM,12:24 PM
2380,Jabbersphere,433,866,3:38 PM,6:20 AM
2381,Wikibox,673,590,8:30 AM,8:18 PM
2382,Zoovu,758,326,10:33 AM,1:30 AM
2383,Jetwire,612,785,3:36 AM,6:31 PM
2384,Innojam,956,269,1:19 PM,10:20 PM
2385,Realfire,381,737,7:49 AM,12:34 AM
2386,Yamia,283,516,10:17 PM,6:22 AM
2387,Bluejam,940,119,11:02 AM,9:00 PM
2388,Thoughtbeat,488,849,7:33 AM,3:37 PM
2389,Riffwire,182,883,1:27 PM,4:27 PM
2390,Oyonder,477,922,3:51 AM,9:30 PM
2391,Fliptune,248,536,2:47 PM,6:11 AM
2392,Abata,764,744,1:28 AM,4:02 PM
2393,Zoomdog,308,796,1:42 AM,11:31 AM
2394,Pixope,715,957,2:27 AM,9:53 PM
2395,Eire,346,81,1:01 PM,11:10 AM
2396,Twitterbeat,507,477,4:15 AM,10:52 PM
2397,Tazz,522,833,12:46 AM,2:26 PM
2398,Bluejam,66,897,6:55 AM,4:19 PM
2399,Linkbuzz,489,802,12:48 AM,12:48 PM
2400,Divanoodle,832,388,8:24 AM,5:59 PM
2401,Zoombox,259,736,12:01 PM,10:25 PM
2402,Tagpad,323,825,6:15 AM,1:22 PM
2403,Photofeed,657,890,9:35 PM,8:07 AM
2404,Mybuzz,287,563,8:13 PM,1:56 PM
2405,Dynava,862,595,1:07 AM,5:24 AM
2406,Yakitri,580,708,11:58 AM,1:37 PM
2407,Yozio,119,272,3:21 AM,10:50 AM
2408,Eimbee,31,937,10:31 AM,8:12 PM
2409,Chatterpoint,565,47,11:13 PM,12:11 PM
2410,Brainverse,658,415,5:41 AM,11:21 AM
2411,Mynte,911,823,10:50 PM,9:14 PM
2412,Eabox,234,736,9:41 PM,10:48 AM
2413,Wordify,226,722,8:49 AM,7:04 AM
2414,Tekfly,407,237,5:20 PM,1:59 PM
2415,Roomm,704,671,11:20 AM,10:31 PM
2416,Geba,113,252,10:33 PM,5:47 PM
2417,Jabbercube,822,92,5:39 AM,4:46 AM
2418,Zoomdog,913,598,5:23 AM,9:18 PM
2419,Bluejam,205,739,7:10 AM,2:52 PM
2420,Nlounge,378,675,12:25 PM,4:07 PM
2421,Photospace,816,836,6:56 AM,5:52 AM
2422,Blogpad,210,81,8:38 PM,11:03 PM
2423,Jaxbean,197,731,10:54 AM,6:47 AM
2424,Brainsphere,306,803,1:37 PM,12:39 PM
2425,Skimia,246,705,1:31 AM,11:43 PM
2426,Ntags,325,924,10:55 PM,3:28 AM
2427,Ntags,234,604,11:11 AM,11:06 AM
2428,Babbleblab,441,856,6:57 AM,6:10 AM
2429,Dynava,642,542,4:41 PM,10:35 PM
2430,Livepath,88,176,3:16 PM,3:00 PM
2431,Thoughtworks,924,195,4:30 AM,2:00 AM
2432,Voomm,870,73,10:27 PM,12:27 AM
2433,Livetube,164,522,8:52 PM,11:03 PM
2434,Rhyloo,870,298,4:35 AM,3:54 AM
2435,Skyndu,670,347,8:06 AM,3:54 AM
2436,DabZ,325,209,6:43 AM,8:00 AM
2437,Wordpedia,972,90,2:52 PM,3:25 PM
2438,Vipe,762,235,4:24 AM,7:17 PM
2439,Gigabox,306,884,12:49 AM,1:18 PM
2440,Zoozzy,730,301,2:59 PM,2:52 PM
2441,Jamia,686,535,9:30 AM,9:10 AM
2442,Photofeed,415,316,1:47 PM,10:07 PM
2443,Yadel,858,481,10:06 PM,5:26 PM
2444,Gigazoom,467,443,10:27 AM,6:43 PM
2445,Rhyzio,936,772,3:36 PM,5:08 AM
2446,Brainsphere,329,468,1:19 AM,9:08 PM
2447,Jaxnation,41,279,12:11 AM,10:44 PM
2448,Realpoint,871,275,7:12 PM,8:59 PM
2449,Realfire,64,432,11:29 PM,6:13 PM
2450,Edgeblab,441,674,3:21 AM,4:49 AM
2451,Yabox,294,343,11:28 PM,6:52 PM
2452,Linklinks,750,348,8:27 AM,2:39 PM
2453,Bubbletube,275,190,12:22 AM,12:58 AM
2454,Skivee,596,158,3:40 PM,3:03 PM
2455,Shuffletag,811,752,8:23 AM,9:46 AM
2456,Wordpedia,744,249,12:45 AM,9:38 AM
2457,Gabtype,806,898,7:23 PM,3:18 AM
2458,Abatz,140,181,4:21 PM,6:53 AM
2459,Fiveclub,718,500,6:05 PM,6:31 AM
2460,Skinte,478,713,10:03 PM,11:10 AM
2461,Oloo,317,232,5:23 PM,12:52 PM
2462,Dazzlesphere,646,148,11:24 AM,3:55 PM
2463,Roodel,443,189,12:20 AM,3:46 PM
2464,Twitterlist,341,255,2:34 AM,7:04 PM
2465,Realbridge,338,270,1:15 PM,12:24 PM
2466,Dazzlesphere,261,818,1:37 AM,11:27 PM
2467,Muxo,174,463,2:40 PM,1:21 AM
2468,Yozio,638,165,2:53 AM,7:43 AM
2469,Youfeed,82,477,2:01 PM,1:03 PM
2470,Npath,426,244,6:29 PM,12:23 AM
2471,Roomm,437,134,7:25 PM,8:28 PM
2472,Livefish,108,58,5:19 PM,9:36 PM
2473,Yakitri,659,258,12:08 PM,7:37 AM
2474,Tazz,820,483,9:21 PM,10:47 PM
2475,Rhycero,633,171,2:23 PM,2:28 AM
2476,Mydo,425,213,7:14 AM,9:25 PM
2477,Jaxnation,899,634,8:12 AM,1:59 AM
2478,Realbridge,898,927,1:52 PM,8:06 AM
2479,Linklinks,706,516,11:00 AM,1:48 AM
2480,Jaxbean,448,258,6:15 AM,8:22 PM
2481,Geba,118,908,5:12 PM,2:34 AM
2482,Thoughtstorm,828,669,12:00 AM,2:11 PM
2483,Quamba,73,548,3:59 PM,6:21 PM
2484,Youtags,474,871,8:02 AM,7:07 PM
2485,Abata,82,980,1:22 PM,2:53 AM
2486,Photojam,654,760,12:46 PM,10:00 PM
2487,Topiczoom,566,946,5:26 AM,7:20 AM
2488,Katz,839,630,11:07 PM,8:45 AM
2489,Yakidoo,120,914,9:07 AM,5:47 AM
2490,Roomm,574,163,4:12 PM,12:20 AM
2491,Shufflester,142,89,6:03 PM,4:00 PM
2492,Lajo,860,108,5:51 PM,6:14 AM
2493,Edgetag,531,610,12:39 PM,5:38 AM
2494,Dabtype,722,270,6:21 PM,7:42 PM
2495,Photobug,106,498,1:29 PM,7:35 PM
2496,Realbuzz,689,888,8:51 AM,3:17 AM
2497,Yambee,637,901,5:50 AM,5:37 PM
2498,Plambee,721,983,2:26 PM,11:38 PM
2499,Blogtag,754,800,3:49 AM,8:39 PM
2500,Ooba,560,300,11:27 PM,6:45 PM
2501,Tagopia,259,656,11:44 AM,9:58 PM
2502,Ntag,287,297,8:48 AM,10:34 PM
2503,Devshare,544,42,2:01 PM,8:29 PM
2504,Kazio,20,654,1:37 AM,8:44 PM
2505,Gabspot,326,631,6:38 PM,8:11 AM
2506,Blogspan,664,68,8:43 AM,4:54 AM
2507,Twimm,716,111,10:11 PM,11:16 AM
2508,Wordpedia,910,757,8:58 AM,9:22 PM
2509,Wikido,928,493,11:33 AM,8:48 PM
2510,Eire,115,826,6:10 PM,11:01 AM
2511,Janyx,46,611,8:44 AM,6:21 PM
2512,Zoombox,382,484,9:25 PM,12:39 PM
2513,Cogilith,259,732,7:12 AM,9:15 AM
2514,Yotz,757,589,10:50 AM,3:23 PM
2515,Kwilith,94,685,5:08 AM,8:00 PM
2516,Dynazzy,44,934,7:56 AM,10:49 AM
2517,Wordpedia,634,590,9:59 AM,9:26 PM
2518,Blogspan,870,794,1:03 PM,12:17 PM
2519,Shufflester,531,930,4:51 AM,5:59 PM
2520,Cogibox,402,580,11:08 PM,1:53 PM
2521,Flipopia,776,12,7:20 AM,8:04 PM
2522,Bluezoom,825,210,2:26 PM,3:27 AM
2523,Fivespan,968,625,1:50 AM,2:37 PM
2524,Skimia,408,875,9:47 PM,9:35 AM
2525,Gabspot,444,141,4:12 PM,1:40 PM
2526,Tagpad,799,206,3:50 AM,8:54 PM
2527,Realbridge,226,656,1:37 AM,2:40 PM
2528,Twitterworks,149,732,11:11 AM,3:35 PM
2529,Fliptune,853,112,2:53 PM,6:46 AM
2530,Buzzster,106,728,9:30 PM,7:09 AM
2531,Innotype,944,438,12:29 AM,9:45 PM
2532,Trudoo,901,209,2:36 PM,3:30 PM
2533,Browseblab,352,260,1:38 AM,8:05 AM
2534,Bubbletube,205,212,9:47 AM,6:25 PM
2535,Kamba,37,721,12:58 AM,11:16 AM
2536,Twiyo,863,905,10:30 AM,6:31 AM
2537,Voomm,68,565,7:53 AM,5:10 PM
2538,Realbridge,815,365,4:46 AM,9:39 PM
2539,Gevee,874,479,10:54 AM,7:15 PM
2540,Plajo,187,751,4:26 AM,8:09 AM
2541,Gabvine,940,104,11:09 AM,5:46 AM
2542,Miboo,601,60,3:03 PM,12:29 AM
2543,Leexo,260,10,3:46 PM,6:46 PM
2544,Meemm,573,414,9:11 PM,10:19 PM
2545,Kwinu,802,493,6:53 PM,4:29 AM
2546,Zoonder,407,992,4:50 PM,6:16 PM
2547,Twimbo,584,37,4:18 AM,1:16 AM
2548,Shufflester,615,141,3:38 PM,7:33 PM
2549,Fanoodle,358,75,5:32 AM,6:46 PM
2550,Bubblemix,971,907,6:23 PM,1:16 AM
2551,Buzzshare,226,65,3:38 AM,10:26 AM
2552,Roomm,146,201,10:44 AM,10:42 AM
2553,Twimm,630,356,6:38 AM,8:28 AM
2554,Vitz,101,721,12:15 PM,12:33 PM
2555,Gigazoom,771,836,11:52 AM,9:17 PM
2556,Buzzbean,418,224,11:07 AM,3:39 PM
2557,Blogpad,390,802,12:16 PM,6:18 AM
2558,Brightdog,270,950,7:50 AM,3:24 PM
2559,Voonix,107,742,10:01 AM,5:42 AM
2560,Photospace,705,260,8:31 PM,10:35 AM
2561,Dabjam,500,412,3:03 PM,3:30 AM
2562,Linkbuzz,192,782,2:34 PM,1:06 PM
2563,Pixope,565,810,2:30 PM,3:43 PM
2564,Jabbersphere,847,462,2:41 PM,6:39 PM
2565,Babbleopia,554,599,7:22 PM,1:39 PM
2566,Avamba,450,642,9:07 AM,2:21 PM
2567,Topiclounge,971,660,6:56 PM,1:30 PM
2568,Avaveo,754,829,3:43 AM,3:03 PM
2569,Ntags,727,457,7:31 AM,6:36 AM
2570,Janyx,98,881,8:53 PM,11:56 PM
2571,Yambee,218,273,4:04 AM,8:33 AM
2572,Mybuzz,782,752,12:37 AM,10:50 AM
2573,Lajo,793,564,9:47 AM,12:45 AM
2574,Dabjam,185,601,4:19 PM,5:40 AM
2575,Camido,788,915,6:06 AM,6:00 PM
2576,Jayo,512,501,12:46 PM,2:52 AM
2577,Livepath,343,42,10:45 PM,7:00 AM
2578,Vipe,288,186,2:30 PM,5:43 PM
2579,Eire,759,382,1:51 AM,5:24 PM
2580,Livepath,618,75,10:07 PM,7:12 AM
2581,Zoozzy,410,25,4:02 PM,3:50 PM
2582,Feedmix,70,940,2:10 PM,12:47 PM
2583,Fivespan,546,64,12:54 PM,6:06 PM
2584,Devify,590,178,11:08 AM,6:51 PM
2585,Edgeify,951,374,2:26 PM,3:44 PM
2586,Izio,51,642,10:23 PM,8:43 AM
2587,Jatri,539,855,7:42 AM,5:08 AM
2588,Vitz,218,901,10:45 AM,4:04 AM
2589,Bluezoom,424,750,5:43 PM,8:09 PM
2590,Bubbletube,69,589,12:13 AM,3:22 PM
2591,Bubblemix,580,599,12:00 PM,8:22 AM
2592,Yakijo,253,6,3:37 PM,10:12 AM
2593,Yotz,889,361,4:41 AM,10:54 PM
2594,Thoughtbridge,257,183,5:32 AM,4:36 PM
2595,Kare,393,192,1:10 AM,8:25 AM
2596,Twitterbeat,928,597,1:09 PM,7:21 AM
2597,Buzzster,177,276,5:03 PM,4:16 AM
2598,Rhycero,918,532,5:11 PM,9:41 PM
2599,Tambee,235,795,3:24 AM,8:00 PM
2600,Dynabox,626,542,3:57 PM,1:14 PM
2601,Meetz,218,799,6:03 AM,5:10 PM
2602,Tazzy,743,749,8:48 PM,5:17 PM
2603,Youspan,793,721,6:33 PM,7:30 AM
2604,Camimbo,652,557,12:17 PM,11:38 AM
2605,Youspan,197,927,10:23 AM,2:45 PM
2606,Ooba,890,977,2:37 AM,7:14 PM
2607,Devpoint,612,951,8:59 PM,7:22 PM
2608,Lajo,817,755,10:13 PM,7:26 PM
2609,Livepath,155,406,2:41 AM,3:43 AM
2610,Demivee,1000,946,5:10 PM,8:04 PM
2611,Blognation,118,241,11:49 PM,1:13 PM
2612,Vipe,575,372,10:26 AM,3:45 AM
2613,Edgewire,782,435,1:25 AM,7:29 PM
2614,Viva,787,17,6:12 AM,8:44 PM
2615,Twinder,63,15,6:49 AM,10:54 AM
2616,Dabjam,325,593,3:29 PM,2:43 AM
2617,Wordtune,111,101,4:58 PM,5:52 PM
2618,Kare,208,442,11:22 AM,1:20 AM
2619,Fanoodle,411,662,9:27 AM,2:34 AM
2620,Thoughtstorm,599,721,6:52 AM,1:51 PM
2621,Kazio,693,693,12:26 PM,6:39 AM
2622,Riffwire,85,920,11:11 PM,6:11 PM
2623,Thoughtbridge,912,665,2:55 AM,12:47 AM
2624,Edgeify,77,282,2:08 AM,8:37 AM
2625,Divanoodle,90,109,8:23 AM,1:42 AM
2626,Wordtune,699,594,3:20 PM,3:26 PM
2627,Fivebridge,294,786,5:53 PM,4:39 PM
2628,Rhycero,169,142,4:23 AM,11:02 PM
2629,Mycat,231,600,5:05 PM,12:29 AM
2630,Zoozzy,794,752,7:28 AM,2:22 AM
2631,Cogibox,829,267,1:59 PM,12:16 AM
2632,Photospace,480,720,3:20 AM,5:36 PM
2633,Topiclounge,668,589,2:47 PM,5:26 AM
2634,Kwimbee,541,98,4:38 AM,2:24 AM
2635,Meedoo,309,105,8:15 AM,10:58 PM
2636,Pixope,625,578,2:16 AM,12:44 PM
2637,Twiyo,689,399,1:27 AM,10:13 PM
2638,Devshare,856,232,8:54 AM,10:55 PM
2639,Innotype,356,901,1:40 PM,9:06 AM
2640,Zoovu,326,725,6:36 PM,3:46 PM
2641,Abata,754,737,8:24 PM,7:21 PM
2642,Wordware,948,375,11:10 AM,4:53 PM
2643,Blogspan,372,934,3:51 AM,3:38 AM
2644,Roodel,751,865,8:39 AM,11:50 PM
2645,Rhybox,337,67,12:55 AM,12:14 PM
2646,Roombo,722,216,1:22 AM,1:28 PM
2647,Jabbercube,619,287,9:24 AM,11:16 PM
2648,Meetz,506,856,10:52 AM,6:06 PM
2649,Rhybox,954,301,5:11 AM,10:02 AM
2650,Lazzy,101,177,4:47 PM,3:28 AM
2651,Quatz,913,119,6:49 AM,10:39 PM
2652,Dynabox,907,816,12:02 PM,11:46 PM
2653,Reallinks,375,497,11:04 AM,6:35 PM
2654,Wikivu,224,282,5:35 AM,5:40 PM
2655,Jetwire,305,283,12:26 AM,5:33 AM
2656,Meedoo,323,175,3:39 PM,9:11 AM
2657,Wikibox,946,223,12:17 AM,7:01 PM
2658,Devcast,946,870,2:34 AM,6:41 AM
2659,Shuffledrive,313,85,4:08 AM,2:23 AM
2660,Dynava,847,264,3:00 AM,5:22 PM
2661,Tagcat,525,147,2:40 AM,4:55 AM
2662,Dynabox,609,248,5:58 PM,2:34 AM
2663,Jabbertype,184,694,7:39 PM,6:19 AM
2664,Zoovu,957,558,4:18 AM,8:45 PM
2665,Blognation,136,6,11:22 PM,1:43 AM
2666,Skalith,466,777,10:12 PM,8:42 AM
2667,Thoughtbridge,136,308,4:49 PM,9:17 AM
2668,Bubbletube,879,345,10:27 AM,8:18 AM
2669,Youfeed,96,741,5:49 PM,7:04 PM
2670,Ooba,150,755,2:02 PM,7:39 PM
2671,Twitterbeat,660,98,5:10 PM,7:17 PM
2672,Jayo,216,635,10:32 AM,11:40 AM
2673,Fatz,16,767,2:59 AM,1:40 AM
2674,Thoughtbridge,448,742,4:20 PM,1:27 AM
2675,Kwideo,372,665,10:20 AM,12:17 AM
2676,Thoughtmix,201,318,1:50 PM,2:40 PM
2677,Blogspan,444,186,1:45 PM,3:21 PM
2678,Twinder,189,130,12:33 AM,5:41 PM
2679,Browsedrive,697,354,5:16 AM,7:17 AM
2680,Devbug,288,236,3:50 AM,4:04 AM
2681,Layo,819,809,6:39 PM,8:36 AM
2682,Tagtune,591,171,3:35 AM,2:32 PM
2683,Browsezoom,111,439,11:59 AM,11:01 PM
2684,Ainyx,90,92,7:27 AM,10:17 AM
2685,Nlounge,345,559,1:31 PM,5:03 AM
2686,Oyondu,895,700,4:54 PM,11:12 AM
2687,Photobean,261,290,4:15 AM,1:30 AM
2688,Skiptube,68,552,10:04 AM,5:28 AM
2689,Reallinks,563,386,6:04 AM,10:59 PM
2690,Youspan,664,849,4:14 AM,5:30 AM
2691,Quatz,560,720,11:51 PM,8:05 AM
2692,Jetpulse,682,883,8:10 AM,6:28 AM
2693,Voonyx,667,37,4:22 AM,3:18 AM
2694,Kwimbee,4,654,3:35 AM,3:47 AM
2695,Wikizz,253,624,5:17 AM,12:13 PM
2696,Kare,992,953,3:56 AM,5:33 PM
2697,Ooba,326,129,11:54 PM,5:04 PM
2698,Eadel,229,953,6:46 AM,4:51 AM
2699,Oyope,935,886,2:16 AM,9:05 PM
2700,Yata,838,802,5:57 PM,12:02 AM
2701,Thoughtstorm,757,597,2:05 PM,11:15 AM
2702,Demivee,808,444,6:48 AM,2:28 AM
2703,Trudoo,887,657,5:33 PM,2:14 PM
2704,Trudoo,450,76,9:57 PM,8:37 PM
2705,Youspan,276,827,10:51 PM,12:10 PM
2706,Eamia,3,464,11:13 PM,6:15 PM
2707,Muxo,670,667,7:24 PM,7:04 PM
2708,Vipe,863,419,6:15 AM,2:18 AM
2709,Fiveclub,958,247,12:09 PM,11:11 AM
2710,Feednation,929,536,1:53 PM,5:29 PM
2711,Babbleset,843,203,6:14 AM,12:35 AM
2712,Riffwire,614,919,11:25 PM,3:50 AM
2713,Leexo,607,440,6:55 PM,9:10 AM
2714,Roombo,815,338,8:00 PM,9:19 AM
2715,Cogibox,654,382,1:05 AM,3:16 AM
2716,Jabberbean,231,232,9:23 AM,4:37 AM
2717,Skimia,624,920,8:56 PM,5:39 PM
2718,Jaxnation,68,18,1:13 PM,10:29 AM
2719,Dynabox,440,477,9:14 PM,4:28 PM
2720,Linktype,451,745,4:14 AM,10:31 AM
2721,Eayo,770,423,10:21 PM,3:10 AM
2722,Lazz,547,135,10:05 PM,8:31 AM
2723,Geba,838,779,10:26 PM,6:16 PM
2724,Dabshots,473,916,11:23 AM,5:14 PM
2725,Innojam,204,476,1:45 PM,1:45 AM
2726,Dynabox,801,703,1:04 PM,8:54 PM
2727,Oloo,672,592,8:06 AM,6:25 AM
2728,Buzzster,661,49,12:14 AM,10:26 AM
2729,Jaxspan,874,741,2:01 AM,2:58 PM
2730,Livepath,988,200,7:19 PM,4:57 PM
2731,Eazzy,262,474,10:44 AM,10:32 PM
2732,Bubbletube,598,844,1:46 PM,4:57 PM
2733,Ainyx,78,659,6:12 AM,2:15 PM
2734,Dynazzy,369,597,12:00 PM,8:58 PM
2735,Centizu,829,414,5:18 AM,12:07 AM
2736,Yotz,967,976,12:19 AM,8:12 AM
2737,Skimia,660,889,4:47 PM,8:42 AM
2738,Buzzshare,232,882,2:11 AM,2:30 AM
2739,Gigazoom,166,997,4:16 AM,10:52 PM
2740,Oyoba,806,495,12:58 AM,1:53 AM
2741,Gabcube,246,231,9:43 AM,12:28 AM
2742,Yakitri,65,515,5:18 AM,3:10 PM
2743,Avamm,762,740,10:46 PM,11:29 AM
2744,Meevee,513,573,3:12 PM,1:39 PM
2745,Latz,264,898,11:55 AM,1:39 PM
2746,Skinder,966,831,8:25 AM,5:37 PM
2747,Roomm,231,586,7:55 AM,12:49 PM
2748,Skiptube,855,307,8:57 AM,10:20 AM
2749,Oyonder,154,484,2:06 AM,3:15 PM
2750,Latz,262,303,5:36 AM,10:22 AM
2751,Shufflester,217,417,5:55 AM,11:32 AM
2752,Oyoyo,378,297,5:47 PM,10:59 PM
2753,Trilia,812,849,8:39 AM,11:20 AM
2754,Livetube,146,829,5:38 AM,12:49 PM
2755,Janyx,266,73,5:15 PM,7:12 PM
2756,Twinte,499,636,4:36 AM,9:02 PM
2757,Twitterwire,210,981,1:50 AM,6:31 PM
2758,Rhynoodle,715,893,7:05 AM,11:11 AM
2759,Tagpad,243,304,12:46 PM,5:18 AM
2760,Rooxo,544,672,3:34 PM,11:09 PM
2761,Flipstorm,126,876,11:15 PM,9:12 AM
2762,Trunyx,297,967,1:08 AM,2:34 AM
2763,Jabbercube,694,459,4:04 AM,3:03 AM
2764,Jabbersphere,501,959,3:35 PM,12:21 AM
2765,Topicstorm,575,466,10:57 PM,3:31 AM
2766,Thoughtstorm,193,370,3:42 PM,8:59 PM
2767,Meezzy,307,52,12:08 AM,1:07 AM
2768,Vimbo,395,101,10:32 AM,10:29 AM
2769,Yakitri,860,830,5:41 PM,8:44 PM
2770,Avaveo,817,199,2:44 AM,8:16 PM
2771,Thoughtstorm,825,296,7:24 PM,10:17 AM
2772,Eare,685,312,10:23 AM,6:11 AM
2773,Ntags,809,242,7:20 PM,4:52 AM
2774,Browsecat,573,491,2:59 PM,1:00 PM
2775,Youopia,244,217,10:19 PM,2:12 PM
2776,Livefish,972,966,4:31 PM,4:10 PM
2777,BlogXS,305,787,12:02 AM,3:05 AM
2778,Shuffledrive,318,16,2:28 AM,6:51 AM
2779,Browsetype,380,433,9:15 PM,12:40 AM
2780,Browsedrive,301,702,10:34 PM,3:48 PM
2781,Zoovu,106,702,1:19 AM,9:09 AM
2782,Yodoo,603,203,1:09 AM,12:05 PM
2783,Skinder,723,908,9:03 AM,11:15 PM
2784,Vitz,895,808,1:46 AM,10:18 AM
2785,Innotype,146,692,9:50 AM,12:20 AM
2786,Agimba,197,325,6:57 AM,11:46 AM
2787,Myworks,51,679,7:02 PM,9:10 PM
2788,Brainsphere,821,396,8:34 PM,4:47 PM
2789,Jatri,686,101,5:38 PM,2:40 AM
2790,Kare,34,766,11:25 AM,8:24 AM
2791,Meembee,966,96,9:55 AM,9:22 AM
2792,Gigashots,628,106,5:29 AM,2:17 PM
2793,Browsezoom,515,258,2:32 PM,4:32 PM
2794,Centimia,216,477,12:34 AM,8:09 AM
2795,Yacero,21,463,4:33 AM,7:17 AM
2796,Skyble,61,531,12:47 PM,4:04 AM
2797,Layo,568,924,3:41 PM,6:58 PM
2798,Photobug,428,845,9:21 PM,4:42 AM
2799,Realcube,877,832,4:49 PM,2:25 AM
2800,Plajo,219,418,11:20 AM,4:54 AM
2801,Livefish,296,999,11:15 PM,12:18 PM
2802,Gigabox,94,457,11:57 AM,3:52 AM
2803,Oozz,719,704,11:07 AM,6:37 AM
2804,Yabox,660,14,11:55 AM,9:00 AM
2805,Devshare,46,692,5:56 PM,7:02 PM
2806,Centidel,152,918,4:27 PM,7:44 PM
2807,Trudoo,775,811,10:24 PM,5:37 PM
2808,Wikizz,176,788,4:02 PM,8:23 PM
2809,Jazzy,777,271,5:21 AM,11:04 AM
2810,Riffpath,781,482,1:15 PM,9:02 PM
2811,Jayo,508,289,4:04 PM,1:27 AM
2812,Photobean,771,379,5:25 AM,8:16 AM
2813,Meeveo,771,699,6:16 PM,10:18 AM
2814,Fadeo,395,382,10:20 AM,1:47 PM
2815,Zava,529,840,5:32 PM,9:16 PM
2816,Bluejam,872,100,2:10 PM,9:11 AM
2817,Zooveo,535,802,7:23 PM,5:06 AM
2818,Nlounge,159,733,7:13 PM,8:05 PM
2819,Photojam,720,315,3:35 PM,5:13 AM
2820,Bluejam,902,158,1:04 AM,2:48 AM
2821,Mynte,457,584,10:37 PM,1:39 PM
2822,Avavee,892,161,9:38 AM,11:48 PM
2823,Kayveo,800,33,8:34 PM,1:31 PM
2824,Brightdog,789,664,4:55 PM,10:35 PM
2825,Trunyx,357,971,12:47 PM,8:16 AM
2826,Eayo,415,415,11:19 AM,6:40 AM
2827,Feedspan,555,441,12:58 PM,4:56 PM
2828,Fivespan,207,848,9:21 AM,12:28 AM
2829,Edgeclub,349,384,5:56 AM,3:17 AM
2830,Pixonyx,700,345,4:57 PM,4:16 AM
2831,Browsedrive,178,759,9:09 PM,4:12 PM
2832,Twitterbeat,993,184,10:11 PM,8:09 PM
2833,Gigabox,128,567,3:52 AM,4:18 AM
2834,Thoughtstorm,41,375,2:56 PM,7:29 PM
2835,Twimbo,443,905,2:29 PM,12:17 AM
2836,Yodo,192,4,9:28 PM,1:43 PM
2837,Voonix,233,859,8:13 AM,3:35 AM
2838,Oyoyo,232,985,5:53 AM,7:19 PM
2839,Oyoba,145,950,5:43 AM,7:01 AM
2840,Podcat,191,190,12:48 AM,1:39 AM
2841,Photolist,963,710,10:08 PM,8:38 AM
2842,Skajo,731,244,2:20 PM,1:52 AM
2843,Quimba,263,600,1:13 PM,6:48 PM
2844,Dynava,998,308,1:27 AM,6:01 AM
2845,Brainverse,744,646,8:33 AM,1:33 PM
2846,Agimba,690,288,6:20 PM,11:00 AM
2847,Centidel,230,173,2:36 PM,12:32 PM
2848,Voonix,643,179,10:13 PM,10:50 AM
2849,Zoombeat,258,53,3:54 PM,5:29 AM
2850,Skaboo,853,441,3:09 PM,9:02 PM
2851,Fivechat,25,291,12:08 AM,10:19 PM
2852,Twitterlist,552,983,9:12 AM,1:43 PM
2853,Pixoboo,592,817,1:07 AM,12:14 PM
2854,Thoughtbeat,277,293,11:02 PM,3:50 PM
2855,Izio,896,178,2:52 PM,5:38 PM
2856,Tagcat,571,470,12:36 PM,8:33 AM
2857,Oyonder,65,467,2:18 AM,9:33 AM
2858,Bubblemix,299,856,3:17 PM,11:27 PM
2859,Brightbean,249,463,2:11 PM,2:37 PM
2860,Myworks,467,592,11:25 PM,8:38 AM
2861,Blogspan,942,184,11:27 AM,6:54 PM
2862,Skipfire,764,475,10:07 PM,8:30 AM
2863,Trupe,354,516,2:40 PM,3:19 AM
2864,Trunyx,10,230,1:52 AM,2:42 PM
2865,Fivebridge,814,501,5:43 PM,6:46 PM
2866,Oyoyo,259,132,5:06 PM,11:33 AM
2867,Ooba,587,216,4:27 AM,11:12 PM
2868,Nlounge,87,544,1:15 AM,6:23 PM
2869,Aivee,734,57,5:55 AM,3:25 PM
2870,Realbuzz,372,649,11:53 PM,9:14 AM
2871,Meedoo,66,847,7:33 AM,7:02 AM
2872,Leexo,261,58,7:26 AM,3:16 AM
2873,Yotz,721,672,5:01 AM,11:56 AM
2874,Topicshots,184,647,9:36 AM,2:42 AM
2875,Yamia,23,669,9:17 PM,2:48 AM
2876,Gabtune,86,854,7:14 PM,3:08 AM
2877,Brainlounge,413,114,9:26 AM,10:05 PM
2878,Meezzy,163,585,1:35 AM,4:59 PM
2879,Buzzster,312,496,1:47 PM,9:08 PM
2880,Miboo,138,945,2:03 PM,12:57 PM
2881,Yotz,796,960,3:20 PM,12:01 AM
2882,Mydo,927,252,11:25 PM,6:33 PM
2883,Jabbertype,507,752,1:51 AM,11:24 PM
2884,Teklist,605,417,8:02 AM,9:39 PM
2885,Realbuzz,543,902,1:05 AM,1:26 PM
2886,Yozio,672,53,6:44 PM,10:55 AM
2887,Cogidoo,778,275,10:16 AM,12:54 PM
2888,Tavu,365,675,2:12 PM,3:27 PM
2889,Realbuzz,353,688,12:02 PM,8:39 PM
2890,Devshare,463,88,1:54 PM,3:46 AM
2891,Fiveclub,194,233,8:17 AM,11:40 PM
2892,Yodo,217,980,2:15 PM,6:25 PM
2893,Jaxworks,863,584,4:44 PM,9:08 AM
2894,Livetube,244,773,10:39 PM,7:33 AM
2895,Jazzy,209,750,9:15 PM,1:32 PM
2896,Realblab,470,768,8:35 PM,2:18 AM
2897,Wordtune,862,289,11:32 PM,6:09 AM
2898,Oloo,879,986,12:19 PM,5:04 PM
2899,Zoovu,700,695,5:50 AM,2:55 PM
2900,Twimbo,159,983,11:09 PM,8:17 PM
2901,Devpulse,827,503,6:28 PM,12:59 AM
2902,Jabberstorm,161,391,2:17 AM,11:22 AM
2903,Zava,198,410,3:54 AM,7:27 PM
2904,Eabox,920,823,9:59 AM,3:40 AM
2905,Skajo,376,23,4:43 AM,4:11 AM
2906,Ainyx,772,854,3:04 AM,10:04 PM
2907,Leexo,374,971,12:20 AM,3:50 AM
2908,Brainbox,977,124,8:56 PM,6:19 AM
2909,Babbleset,129,270,9:30 PM,3:08 PM
2910,Blognation,660,482,11:11 PM,7:58 PM
2911,Realbridge,166,236,11:33 PM,4:44 PM
2912,Trunyx,407,928,12:23 PM,12:49 AM
2913,Yadel,258,931,11:14 AM,8:58 AM
2914,Mymm,905,337,2:40 AM,9:51 PM
2915,Divape,616,956,10:53 AM,6:00 PM
2916,Ainyx,740,874,8:15 PM,6:53 PM
2917,Skinte,869,514,8:43 PM,10:13 AM
2918,Blogspan,237,236,1:40 AM,2:47 PM
2919,Zoomcast,619,44,3:18 AM,4:21 AM
2920,Aivee,575,541,10:00 PM,9:14 PM
2921,Zoombeat,70,648,9:07 PM,5:30 PM
2922,Babbleset,138,283,8:39 AM,2:18 PM
2923,Meetz,81,368,10:49 PM,2:47 PM
2924,Yodo,118,444,9:08 PM,8:26 PM
2925,Gigazoom,876,697,11:27 PM,9:41 PM
2926,Jabbercube,923,941,12:56 AM,11:44 PM
2927,Photofeed,286,40,4:53 AM,7:38 PM
2928,Aivee,904,293,3:07 AM,4:14 AM
2929,Youspan,641,691,2:35 AM,6:33 PM
2930,Viva,336,957,10:58 AM,5:13 PM
2931,Yamia,732,308,10:46 PM,3:23 AM
2932,Leenti,816,556,2:40 AM,4:42 AM
2933,Zooxo,509,526,11:14 PM,8:03 AM
2934,JumpXS,245,142,7:32 AM,7:00 PM
2935,Wikizz,481,356,2:32 PM,9:55 AM
2936,Kanoodle,193,736,1:20 AM,10:56 AM
2937,Wordtune,747,401,12:12 PM,10:58 AM
2938,Thoughtstorm,945,963,3:23 AM,5:36 AM
2939,Tagcat,256,699,5:33 AM,6:05 PM
2940,Yabox,311,579,12:49 AM,10:45 AM
2941,Abatz,41,869,4:26 PM,3:33 AM
2942,Babblestorm,748,249,11:32 AM,3:02 PM
2943,Topdrive,133,684,11:44 PM,12:50 PM
2944,Kanoodle,899,593,12:52 AM,3:27 PM
2945,Dynabox,25,51,6:19 PM,9:53 AM
2946,Innotype,149,828,7:56 PM,9:54 AM
2947,Mudo,333,771,5:55 AM,8:19 PM
2948,Topicblab,559,533,1:56 PM,9:35 PM
2949,Mynte,661,917,5:56 AM,12:45 PM
2950,Vinte,791,558,4:12 AM,4:47 PM
2951,Thoughtstorm,419,686,11:07 AM,10:49 PM
2952,Vitz,443,591,2:38 PM,9:17 AM
2953,Katz,900,431,2:13 AM,5:51 PM
2954,Skalith,930,347,5:01 PM,11:33 AM
2955,Avamm,804,130,10:26 PM,11:41 AM
2956,Zoomzone,296,548,6:01 PM,4:48 AM
2957,Blogspan,482,619,10:52 AM,9:13 AM
2958,Gabtune,588,750,2:31 AM,4:41 AM
2959,Yamia,116,223,9:22 PM,3:31 PM
2960,InnoZ,691,834,1:35 PM,11:27 PM
2961,Quinu,412,425,8:54 AM,4:55 PM
2962,Tambee,973,912,11:09 PM,5:39 PM
2963,Oyonder,634,265,8:31 PM,12:57 AM
2964,Wikibox,141,971,9:28 PM,9:07 PM
2965,Flashspan,492,334,4:28 AM,8:10 AM
2966,DabZ,377,977,6:12 PM,7:07 AM
2967,Skimia,297,562,2:12 PM,5:56 AM
2968,Skyble,314,269,9:02 AM,9:44 AM
2969,Agivu,953,897,6:06 AM,3:15 PM
2970,Quamba,728,532,5:57 AM,11:56 AM
2971,Skimia,929,116,11:12 PM,8:23 AM
2972,Fivechat,52,207,11:47 AM,6:15 AM
2973,Dazzlesphere,417,617,9:51 PM,11:00 PM
2974,Kwinu,353,271,3:47 PM,11:18 PM
2975,Yozio,824,424,4:06 AM,7:14 AM
2976,Fivespan,991,731,1:52 PM,2:06 PM
2977,Avavee,329,798,4:45 PM,1:31 AM
2978,Innotype,950,709,9:24 AM,1:43 AM
2979,Babblestorm,748,868,8:29 AM,11:16 AM
2980,Zooveo,396,432,10:50 AM,6:16 AM
2981,Voonix,500,316,4:04 AM,11:07 AM
2982,Plambee,446,247,8:53 PM,6:06 PM
2983,Browsezoom,543,408,4:43 PM,2:56 AM
2984,Mynte,714,168,9:58 PM,1:44 PM
2985,Jetwire,808,562,9:49 AM,10:55 PM
2986,Twinte,993,795,1:59 AM,11:00 AM
2987,Teklist,670,888,7:44 PM,7:55 AM
2988,Aivee,699,564,1:30 PM,3:59 AM
2989,Meezzy,165,94,9:37 AM,12:29 AM
2990,Devshare,98,516,4:15 AM,12:15 PM
2991,Wikido,902,750,11:04 PM,1:21 PM
2992,Thoughtbeat,661,224,7:02 PM,1:47 PM
2993,Devbug,175,685,1:36 AM,5:27 PM
2994,Tazz,562,394,6:34 PM,3:54 PM
2995,Geba,231,357,11:03 AM,4:32 PM
2996,Brainverse,550,598,7:08 PM,5:47 PM
2997,Zoomzone,664,700,5:34 AM,12:17 AM
2998,Youbridge,508,528,6:53 PM,7:05 AM
2999,Zazio,149,961,2:26 PM,8:19 AM
3000,Innojam,992,952,5:16 PM,8:07 AM
