id,nombre,tipo;
1,Hayward,Vivienda Universitaria;
2,Harper,Hotel;
3,Lexine,Hostal;
4,Lucias,Persona;
5,Terza,Hotel;
6,Calv,Vivienda Universitaria;
7,Carmine,Hostal;
8,Vale,Vivienda Universitaria;
9,Michele,Hostal;
10,Sanford,Persona;
11,Dell,Persona;
12,Griffy,Hostal;
13,Drusy,Hotel;
14,Kelli,Hotel;
15,Ernestus,Persona;
16,Barbee,Hostal;
17,Chrissy,Vivienda Universitaria;
18,Merrily,Hostal;
19,Neall,Persona;
20,Malorie,Vivienda Universitaria;
21,Reilly,Hotel;
22,Riordan,Vivienda Universitaria;
23,Silva,Hostal;
24,Ivory,Persona;
25,Pietro,Hotel;
26,Mordecai,Persona;
27,Web,Persona;
28,Giulia,Vivienda Universitaria;
29,Kelly,Vivienda Universitaria;
30,Marlie,Persona;
31,Paddy,Hostal;
32,Tana,Persona;
33,Brittne,Hotel;
34,Meir,Hostal;
35,Kirk,Hostal;
36,Bobine,Vivienda Universitaria;
37,Montgomery,Hotel;
38,Alberik,Vivienda Universitaria;
39,Vickie,Hostal;
40,Elias,Hostal;
41,Mandi,Persona;
42,Sim,Vivienda Universitaria;
43,Torre,Vivienda Universitaria;
44,Bessie,Persona;
45,Alphonse,Persona;
46,Geno,Vivienda Universitaria;
47,Inger,Persona;
48,Humfrey,Hotel;
49,Nicolina,Hostal;
50,Darb,Vivienda Universitaria;
51,Ruttger,Hostal;
52,Tiler,Hostal;
53,Othello,Hotel;
54,Casey,Persona;
55,Adrianne,Hostal;
56,Malinde,Persona;
57,Timothee,Vivienda Universitaria;
58,Francyne,Hotel;
59,Jeannine,Hostal;
60,Catharina,Persona;
61,Ebba,Hostal;
62,Ciel,Vivienda Universitaria;
63,Marleen,Vivienda Universitaria;
64,Codi,Hostal;
65,Audry,Hotel;
66,Bathsheba,Persona;
67,Johna,Vivienda Universitaria;
68,Robinette,Hostal;
69,Dom,Vivienda Universitaria;
70,Buck,Vivienda Universitaria;
71,Obie,Hostal;
72,Karen,Persona;
73,Ravi,Vivienda Universitaria;
74,Nell,Vivienda Universitaria;
75,Arvie,Hotel;
76,Fiorenze,Hostal;
77,Gratiana,Vivienda Universitaria;
78,Jourdain,Persona;
79,Quinn,Hostal;
80,Rhea,Hostal;
81,Aldous,Hotel;
82,Packston,Hostal;
83,Dominik,Vivienda Universitaria;
84,Nickolaus,Hotel;
85,Olympe,Hostal;
86,Chandler,Vivienda Universitaria;
87,Tucky,Vivienda Universitaria;
88,Brynn,Hotel;
89,Ammamaria,Hostal;
90,Avie,Vivienda Universitaria;
91,Harriet,Vivienda Universitaria;
92,Hatti,Vivienda Universitaria;
93,Merv,Hotel;
94,Mill,Persona;
95,Renelle,Hotel;
96,Camey,Hostal;
97,Jerrold,Hotel;
98,Veradis,Hotel;
99,Arthur,Hostal;
100,Dottie,Vivienda Universitaria;
101,Hagan,Hotel;
102,Shalom,Hostal;
103,Valera,Persona;
104,Judd,Hotel;
105,Marcile,Hostal;
106,Loren,Persona;
107,Chucho,Vivienda Universitaria;
108,Valry,Vivienda Universitaria;
109,Di,Persona;
110,Bertie,Persona;
111,Britt,Hostal;
112,Fanchon,Vivienda Universitaria;
113,Zilvia,Hotel;
114,Faydra,Hotel;
115,Gusty,Hostal;
116,Tiffie,Hostal;
117,Faunie,Persona;
118,Moises,Vivienda Universitaria;
119,Eden,Hostal;
120,Don,Vivienda Universitaria;
121,Cleopatra,Hostal;
122,Emeline,Hostal;
123,Rica,Vivienda Universitaria;
124,Olly,Hotel;
125,Lilla,Hotel;
126,Cullie,Vivienda Universitaria;
127,Titos,Persona;
128,Kenna,Hostal;
129,Cally,Persona;
130,Ursula,Persona;
131,Karna,Hostal;
132,Kristal,Hostal;
133,Rafferty,Hotel;
134,Filippo,Hotel;
135,Tiphani,Vivienda Universitaria;
136,Judon,Hostal;
137,Silvana,Hostal;
138,Kayley,Hostal;
139,Patrice,Vivienda Universitaria;
140,Michaela,Hostal;
141,Sigfried,Hotel;
142,Bailey,Hotel;
143,Allister,Hotel;
144,Crissie,Persona;
145,Crosby,Hostal;
146,Chanda,Persona;
147,Dill,Hotel;
148,Gerhardine,Persona;
149,Olive,Persona;
150,Henka,Vivienda Universitaria;
151,Nicky,Persona;
152,Alfy,Hostal;
153,Gabey,Hotel;
154,Patricia,Persona;
155,Linnie,Persona;
156,Jory,Hostal;
157,Claudell,Hotel;
158,Colas,Hotel;
159,Dorise,Persona;
160,Brianna,Hostal;
161,Nannette,Vivienda Universitaria;
162,Gottfried,Vivienda Universitaria;
163,Eugenio,Hostal;
164,Robin,Vivienda Universitaria;
165,Stearn,Hostal;
166,Belle,Vivienda Universitaria;
167,Dudley,Hotel;
168,Emlyn,Persona;
169,Beltran,Hostal;
170,Cinda,Persona;
171,Cassie,Persona;
172,Loella,Hotel;
173,Meghann,Vivienda Universitaria;
174,Cole,Hostal;
175,Kimbra,Hostal;
176,Franklin,Vivienda Universitaria;
177,Dale,Vivienda Universitaria;
178,Charline,Persona;
179,Rolfe,Hostal;
180,Debbie,Hotel;
181,Kamillah,Vivienda Universitaria;
182,Sylvester,Hostal;
183,Marleah,Hostal;
184,Brigitta,Hostal;
185,Kimmie,Hotel;
186,Rasia,Hotel;
187,Louise,Vivienda Universitaria;
188,Gilly,Hostal;
189,Erny,Persona;
190,Romola,Hostal;
191,Kaile,Hostal;
192,Aura,Hotel;
193,Lindie,Persona;
194,Tristam,Hostal;
195,Ailbert,Hostal;
196,Kelly,Hostal;
197,Stirling,Persona;
198,Iago,Persona;
199,Jaynell,Hostal;
200,Connie,Persona;
201,Kitti,Vivienda Universitaria;
202,Ashien,Hostal;
203,Amii,Hotel;
204,Blakeley,Hostal;
205,Mohammed,Persona;
206,Rowney,Hostal;
207,Salome,Vivienda Universitaria;
208,Lissa,Hostal;
209,Hubie,Hostal;
210,Modesty,Hostal;
211,Shalom,Persona;
212,Giles,Persona;
213,Joel,Hotel;
214,Brooke,Persona;
215,Devonna,Hostal;
216,Jory,Hostal;
217,Sammy,Hotel;
218,Marcelline,Hostal;
219,Cherlyn,Hostal;
220,Bond,Vivienda Universitaria;
221,Chrystel,Persona;
222,Gale,Hotel;
223,Ebenezer,Vivienda Universitaria;
224,Silvia,Hostal;
225,Ariela,Hostal;
226,Jeanine,Hostal;
227,Sharity,Hotel;
228,Brinna,Hostal;
229,Lyman,Persona;
230,Bowie,Persona;
231,Gan,Hotel;
232,Elsy,Vivienda Universitaria;
233,Audre,Persona;
234,Ladonna,Vivienda Universitaria;
235,Keely,Hotel;
236,Kellsie,Vivienda Universitaria;
237,Nonna,Vivienda Universitaria;
238,Sileas,Vivienda Universitaria;
239,Spencer,Hostal;
240,Jordain,Vivienda Universitaria;
241,Justis,Hotel;
242,Jozef,Hotel;
243,Remy,Vivienda Universitaria;
244,Mureil,Hotel;
245,Crin,Vivienda Universitaria;
246,Sig,Persona;
247,Pincus,Vivienda Universitaria;
248,Abbie,Persona;
249,Oliver,Vivienda Universitaria;
250,Stearn,Vivienda Universitaria;
251,Shawn,Hostal;
252,Vasilis,Hotel;
253,Olwen,Hotel;
254,Theo,Hotel;
255,Paige,Hotel;
256,Marion,Hotel;
257,Bobinette,Hostal;
258,Gabriellia,Persona;
259,Aylmar,Hostal;
260,Christiano,Hotel;
261,Germaine,Hotel;
262,Jervis,Hostal;
263,Kayne,Vivienda Universitaria;
264,Brnaby,Persona;
265,Amaleta,Persona;
266,Jermayne,Hotel;
267,Rosette,Hostal;
268,Jan,Hostal;
269,Maribel,Hostal;
270,Trish,Hostal;
271,Mickie,Hotel;
272,Bab,Persona;
273,Violante,Vivienda Universitaria;
274,Tynan,Hotel;
275,Clemence,Vivienda Universitaria;
276,Gladys,Hostal;
277,Evvy,Hostal;
278,Florri,Hotel;
279,Dana,Vivienda Universitaria;
280,Edeline,Vivienda Universitaria;
281,Daniella,Vivienda Universitaria;
282,Trudi,Hostal;
283,Sibyl,Vivienda Universitaria;
284,Oralia,Hotel;
285,Magdalena,Vivienda Universitaria;
286,Osbert,Hotel;
287,Vale,Vivienda Universitaria;
288,Giorgio,Vivienda Universitaria;
289,Janey,Hostal;
290,Linoel,Persona;
291,Marlin,Persona;
292,Christopher,Hotel;
293,Ronnica,Hostal;
294,Alexandr,Vivienda Universitaria;
295,Carlye,Vivienda Universitaria;
296,Ferne,Vivienda Universitaria;
297,Orbadiah,Persona;
298,Nanete,Hostal;
299,Reinhold,Hotel;
300,Alwin,Persona;
301,Durant,Hostal;
302,Alta,Hotel;
303,Devland,Vivienda Universitaria;
304,Alaster,Hotel;
305,Sybila,Persona;
306,Annabella,Hotel;
307,Andromache,Persona;
308,Abelard,Vivienda Universitaria;
309,Robby,Vivienda Universitaria;
310,Iormina,Hostal;
311,Norrie,Hostal;
312,Grissel,Hostal;
313,Arturo,Vivienda Universitaria;
314,Helene,Hostal;
315,Ogden,Vivienda Universitaria;
316,Chanda,Hotel;
317,Kori,Persona;
318,Valentia,Vivienda Universitaria;
319,Laurette,Persona;
320,Loy,Hostal;
321,Ezechiel,Hostal;
322,Maureene,Hostal;
323,Casie,Hostal;
324,Wat,Persona;
325,Vale,Hotel;
326,Porty,Hostal;
327,Clywd,Hotel;
328,Bibby,Persona;
329,Erich,Persona;
330,Gianni,Hostal;
331,Shirl,Persona;
332,Donetta,Hotel;
333,Padraic,Vivienda Universitaria;
334,Ruddy,Persona;
335,Karil,Hotel;
336,Greta,Hostal;
337,Perkin,Persona;
338,Sigismund,Hotel;
339,Roselle,Hotel;
340,Wandis,Hotel;
341,Laurie,Hostal;
342,Fawne,Vivienda Universitaria;
343,Missie,Persona;
344,Nevile,Hostal;
345,Zulema,Persona;
346,Susann,Hostal;
347,Brooke,Hostal;
348,Rozanna,Vivienda Universitaria;
349,Trude,Vivienda Universitaria;
350,Marty,Persona;
351,Trueman,Hostal;
352,Tarra,Hotel;
353,Micky,Persona;
354,Ricky,Hotel;
355,Lorenzo,Persona;
356,Catharina,Vivienda Universitaria;
357,Rosalinde,Persona;
358,Kellen,Hostal;
359,William,Hostal;
360,Reagen,Hotel;
361,Kendra,Hotel;
362,Jesse,Hostal;
363,Joey,Vivienda Universitaria;
364,Pattin,Hotel;
365,Farleigh,Vivienda Universitaria;
366,Bartlett,Persona;
367,Henriette,Hostal;
368,Fredek,Hotel;
369,Kristal,Persona;
370,Calida,Vivienda Universitaria;
371,Shell,Hotel;
372,Hilton,Hotel;
373,Cazzie,Persona;
374,Diego,Hotel;
375,Lilla,Hotel;
376,Bronnie,Persona;
377,Katalin,Hostal;
378,Lucian,Hotel;
379,Addia,Persona;
380,Maddi,Hotel;
381,Jacqueline,Hostal;
382,Milissent,Hotel;
383,Emmy,Persona;
384,Cissy,Persona;
385,Kalindi,Vivienda Universitaria;
386,Rutter,Vivienda Universitaria;
387,Shaine,Hostal;
388,Josias,Persona;
389,Merwyn,Persona;
390,Will,Vivienda Universitaria;
391,Winnah,Vivienda Universitaria;
392,Gwyn,Persona;
393,Celestine,Vivienda Universitaria;
394,Lydia,Persona;
395,Davin,Persona;
396,Wally,Hotel;
397,Veradis,Hotel;
398,Jeffrey,Hotel;
399,Lodovico,Vivienda Universitaria;
400,Imelda,Hostal;
401,Frants,Vivienda Universitaria;
402,Pamella,Persona;
403,Delmer,Persona;
404,Frederick,Vivienda Universitaria;
405,Sky,Persona;
406,Stearne,Hostal;
407,Georgine,Persona;
408,Graeme,Hostal;
409,Augustin,Hotel;
410,Gracia,Hostal;
411,Silvanus,Vivienda Universitaria;
412,Norry,Hotel;
413,Kellia,Hotel;
414,Eunice,Persona;
415,Martelle,Hotel;
416,Laurens,Hotel;
417,Nicol,Hostal;
418,Ruby,Hotel;
419,Augustine,Persona;
420,Lexi,Persona;
421,Gloria,Vivienda Universitaria;
422,Ced,Hostal;
423,Ester,Hotel;
424,Zondra,Persona;
425,Bonnee,Persona;
426,Maude,Persona;
427,Bibbie,Hotel;
428,Devonna,Hostal;
429,Dyan,Vivienda Universitaria;
430,Mervin,Persona;
431,Mabelle,Hotel;
432,Mickie,Vivienda Universitaria;
433,Valeda,Persona;
434,Emiline,Persona;
435,Tracy,Hotel;
436,Windham,Hostal;
437,Casey,Hotel;
438,Imojean,Hostal;
439,Jacinthe,Hotel;
440,Rae,Persona;
441,Eunice,Vivienda Universitaria;
442,Shurwood,Persona;
443,Starlin,Persona;
444,Germaine,Vivienda Universitaria;
445,Esma,Vivienda Universitaria;
446,Carley,Hostal;
447,Helyn,Persona;
448,Riane,Hostal;
449,Kelcy,Hotel;
450,Reeva,Hostal;
451,Ruttger,Hotel;
452,Augustine,Hostal;
453,Emmy,Vivienda Universitaria;
454,Florie,Hotel;
455,Sallee,Hotel;
456,Anallise,Hotel;
457,Raven,Hostal;
458,Rania,Hotel;
459,Kat,Hotel;
460,Dana,Hotel;
461,Hyman,Hotel;
462,Hedi,Persona;
463,Hubert,Hostal;
464,Alexina,Vivienda Universitaria;
465,Inger,Persona;
466,Philipa,Hostal;
467,Birgit,Hotel;
468,Nestor,Hostal;
469,Juliette,Vivienda Universitaria;
470,Jessie,Persona;
471,Erroll,Vivienda Universitaria;
472,Missie,Persona;
473,Javier,Vivienda Universitaria;
474,Kristen,Hostal;
475,Fraze,Hotel;
476,Wynn,Vivienda Universitaria;
477,Wallas,Persona;
478,Corrie,Hotel;
479,Neal,Vivienda Universitaria;
480,Annabel,Vivienda Universitaria;
481,Corenda,Persona;
482,Elna,Hotel;
483,Gayle,Hotel;
484,Malva,Persona;
485,Dulcie,Vivienda Universitaria;
486,Cassie,Vivienda Universitaria;
487,Ermina,Persona;
488,Pacorro,Vivienda Universitaria;
489,Jeff,Vivienda Universitaria;
490,Chadd,Hostal;
491,Vere,Hotel;
492,Georg,Hotel;
493,Batsheva,Hotel;
494,Sharron,Hostal;
495,Adams,Persona;
496,Tallia,Vivienda Universitaria;
497,Blondell,Hostal;
498,Haven,Persona;
499,Juliette,Vivienda Universitaria;
500,Andrew,Vivienda Universitaria;
501,Melonie,Hotel;
502,Annissa,Hostal;
503,Hartley,Vivienda Universitaria;
504,Deeanne,Hotel;
505,Aurthur,Vivienda Universitaria;
506,Maryjane,Hostal;
507,Darleen,Hostal;
508,Barnard,Persona;
509,Clary,Vivienda Universitaria;
510,Electra,Persona;
511,Astra,Hostal;
512,Casey,Hostal;
513,Brier,Vivienda Universitaria;
514,Harper,Vivienda Universitaria;
515,Emelina,Vivienda Universitaria;
516,Janean,Hostal;
517,Lotte,Vivienda Universitaria;
518,Bunnie,Hotel;
519,Vivia,Hotel;
520,Mozes,Hostal;
521,Westbrooke,Persona;
522,Keenan,Hotel;
523,Herc,Hotel;
524,Molly,Persona;
525,Shane,Hotel;
526,Griff,Persona;
527,Karen,Hostal;
528,Valentijn,Persona;
529,Jannel,Hostal;
530,Joye,Vivienda Universitaria;
531,Margarette,Hostal;
532,Ava,Hotel;
533,Tobe,Persona;
534,Linea,Vivienda Universitaria;
535,Marianna,Persona;
536,Stanwood,Vivienda Universitaria;
537,Chrissy,Hotel;
538,Pernell,Hotel;
539,Elsy,Persona;
540,Adeline,Persona;
541,Ranique,Vivienda Universitaria;
542,Fleurette,Hotel;
543,Britney,Hostal;
544,Isa,Hostal;
545,Marcia,Persona;
546,Laure,Persona;
547,Shela,Vivienda Universitaria;
548,Ainslee,Hotel;
549,Cariotta,Persona;
550,Marco,Hotel;
551,Ara,Persona;
552,Laurianne,Hostal;
553,Sapphire,Vivienda Universitaria;
554,Ninetta,Hotel;
555,Giselle,Hostal;
556,Layton,Hostal;
557,Tybi,Persona;
558,Niles,Hostal;
559,Corissa,Vivienda Universitaria;
560,Nealy,Hotel;
561,Harcourt,Hostal;
562,Emilia,Hotel;
563,Filide,Hostal;
564,Alison,Persona;
565,Bonnie,Hotel;
566,Carin,Persona;
567,Mikkel,Hostal;
568,Maxie,Hostal;
569,Bobbi,Vivienda Universitaria;
570,Kimberley,Persona;
571,Juditha,Hotel;
572,Phebe,Hostal;
573,Ilysa,Persona;
574,Ewan,Hotel;
575,Lonnie,Persona;
576,Phillie,Persona;
577,Kessiah,Hostal;
578,Dillie,Hotel;
579,Les,Hotel;
580,Kamillah,Persona;
581,Charlene,Vivienda Universitaria;
582,Gabrila,Vivienda Universitaria;
583,Darlleen,Hostal;
584,Cornie,Hostal;
585,Rahel,Hostal;
586,Peadar,Hostal;
587,Aubine,Persona;
588,Kiah,Hostal;
589,Yovonnda,Persona;
590,Remus,Persona;
591,Ruby,Hotel;
592,Ricki,Hostal;
593,Felicdad,Hotel;
594,Bjorn,Persona;
595,Barnett,Vivienda Universitaria;
596,Lorie,Vivienda Universitaria;
597,Case,Persona;
598,Vikky,Hotel;
599,Homere,Hostal;
600,Meredith,Hotel;
601,Benedetta,Hostal;
602,Brena,Hotel;
603,Stillmann,Hotel;
604,Kerry,Hostal;
605,Ruddy,Vivienda Universitaria;
606,Brewster,Vivienda Universitaria;
607,Letizia,Persona;
608,Jeralee,Hotel;
609,Venus,Vivienda Universitaria;
610,Alick,Persona;
611,Krisha,Hostal;
612,Vanny,Vivienda Universitaria;
613,Darwin,Vivienda Universitaria;
614,Kath,Hostal;
615,Denis,Hotel;
616,Goran,Vivienda Universitaria;
617,Thomas,Hostal;
618,Steffi,Persona;
619,Terri,Hostal;
620,Ravi,Vivienda Universitaria;
621,Mamie,Hotel;
622,Emmy,Hotel;
623,Sissy,Persona;
624,Flss,Hostal;
625,Syman,Hotel;
626,Lester,Vivienda Universitaria;
627,Abbie,Hostal;
628,Bailie,Persona;
629,Chandra,Persona;
630,Josefa,Persona;
631,Stormi,Vivienda Universitaria;
632,Idette,Hotel;
633,Brinna,Persona;
634,Ibbie,Hostal;
635,Anne-marie,Persona;
636,Tremaine,Vivienda Universitaria;
637,Si,Hotel;
638,Somerset,Persona;
639,Darcy,Persona;
640,Shannan,Persona;
641,Grata,Vivienda Universitaria;
642,Lay,Vivienda Universitaria;
643,Perri,Hotel;
644,Libby,Vivienda Universitaria;
645,Drusilla,Hotel;
646,Reynard,Hotel;
647,Loren,Hotel;
648,Abbi,Hostal;
649,Jasper,Hostal;
650,Van,Vivienda Universitaria;
651,Brook,Persona;
652,Ettore,Hostal;
653,Olenolin,Persona;
654,Emilio,Hostal;
655,Roana,Persona;
656,Chev,Persona;
657,Ansley,Persona;
658,Alvan,Hotel;
659,Lissa,Persona;
660,Wyn,Hotel;
661,Catarina,Persona;
662,L;urette,Hotel
663,Rolfe,Hostal;
664,Christabella,Hostal;
665,Hilliary,Vivienda Universitaria;
666,Sergeant,Vivienda Universitaria;
667,Ebonee,Persona;
668,Allegra,Persona;
669,Yoshi,Hostal;
670,Gregg,Hostal;
671,Gordan,Vivienda Universitaria;
672,Madeleine,Persona;
673,Vivienne,Hotel;
674,Gardie,Hostal;
675,Cazzie,Hotel;
676,Tracy,Vivienda Universitaria;
677,Jolyn,Vivienda Universitaria;
678,Rafaelia,Hostal;
679,Adrienne,Persona;
680,Charyl,Hostal;
681,Horatia,Hostal;
682,Adria,Hotel;
683,Judy,Hotel;
684,Zena,Vivienda Universitaria;
685,Kiley,Persona;
686,Foss,Hotel;
687,Phelia,Hotel;
688,Hendrick,Hotel;
689,Tatum,Hostal;
690,Ava,Vivienda Universitaria;
691,Jenna,Vivienda Universitaria;
692,Irvin,Persona;
693,Elna,Persona;
694,Arthur,Hostal;
695,Vivi,Persona;
696,Kendrick,Persona;
697,Jeremie,Hotel;
698,Nessie,Vivienda Universitaria;
699,Craggy,Vivienda Universitaria;
700,Violante,Hostal;
701,Chip,Persona;
702,Ida,Persona;
703,Emelen,Vivienda Universitaria;
704,Spence,Hostal;
705,Edsel,Persona;
706,Rebekkah,Hostal;
707,Sly,Hotel;
708,Hannis,Vivienda Universitaria;
709,Boigie,Hostal;
710,Mickey,Vivienda Universitaria;
711,Owen,Vivienda Universitaria;
712,Magdalena,Hostal;
713,Freddie,Vivienda Universitaria;
714,Felizio,Persona;
715,Brandy,Persona;
716,Marylynne,Vivienda Universitaria;
717,Nessy,Vivienda Universitaria;
718,Alana,Persona;
719,Amelie,Persona;
720,Cassandry,Hostal;
721,Brinn,Persona;
722,Cole,Vivienda Universitaria;
723,Quillan,Persona;
724,Kathie,Hostal;
725,Gertrude,Hotel;
726,Jo,Persona;
727,Perren,Hotel;
728,Tiebout,Hotel;
729,Shel,Hostal;
730,Mavis,Hotel;
731,Corabel,Hostal;
732,Kin,Persona;
733,Tiertza,Persona;
734,Franny,Hostal;
735,Belinda,Hotel;
736,Windy,Persona;
737,Cami,Hotel;
738,Mellicent,Vivienda Universitaria;
739,Franciska,Persona;
740,Rice,Hostal;
741,Brantley,Hotel;
742,Nicko,Vivienda Universitaria;
743,Mame,Persona;
744,Byram,Hotel;
745,Issiah,Persona;
746,Dasi,Vivienda Universitaria;
747,Colby,Hostal;
748,Darb,Vivienda Universitaria;
749,Dyana,Hostal;
750,Trueman,Hostal;
751,Nicolais,Vivienda Universitaria;
752,Sampson,Vivienda Universitaria;
753,Ira,Vivienda Universitaria;
754,Dickie,Persona;
755,Alric,Persona;
756,Cristen,Persona;
757,Marleah,Hostal;
758,Franchot,Hostal;
759,Adel,Persona;
760,Clair,Persona;
761,Ellynn,Persona;
762,Luce,Persona;
763,Ole,Hostal;
764,Evaleen,Hostal;
765,Gleda,Hostal;
766,Burt,Hostal;
767,Hestia,Vivienda Universitaria;
768,Padraig,Hotel;
769,Rudyard,Persona;
770,Palm,Hostal;
771,Jennie,Hostal;
772,Alleyn,Persona;
773,Gherardo,Persona;
774,Isabeau,Hotel;
775,Gearalt,Vivienda Universitaria;
776,Dacie,Vivienda Universitaria;
777,Jermayne,Hostal;
778,Ethelred,Vivienda Universitaria;
779,Renato,Vivienda Universitaria;
780,Clarita,Persona;
781,Lyn,Vivienda Universitaria;
782,Grenville,Hostal;
783,Delilah,Hotel;
784,Rawley,Hostal;
785,Addy,Vivienda Universitaria;
786,Dari,Hostal;
787,Lionello,Vivienda Universitaria;
788,Raimund,Hostal;
789,Carson,Persona;
790,Glenn,Hostal;
791,Jessi,Vivienda Universitaria;
792,Effie,Hostal;
793,Finn,Persona;
794,Ann,Persona;
795,Leontyne,Persona;
796,Marillin,Hotel;
797,Elisabet,Persona;
798,Quinlan,Vivienda Universitaria;
799,Ilario,Hostal;
800,Rufus,Persona;
801,Donal,Hostal;
802,Merrile,Hotel;
803,Niki,Hotel;
804,Jennette,Hostal;
805,Parker,Hotel;
806,Orelee,Persona;
807,Allyson,Persona;
808,Alic,Hotel;
809,Garland,Persona;
810,Deerdre,Hostal;
811,Culver,Persona;
812,Malorie,Persona;
813,Jobey,Hostal;
814,Consolata,Hotel;
815,Brandise,Persona;
816,Devi,Vivienda Universitaria;
817,Blancha,Vivienda Universitaria;
818,Risa,Hostal;
819,Waldo,Persona;
820,Shayna,Vivienda Universitaria;
821,Sandi,Persona;
822,Gaspar,Persona;
823,Leandra,Hotel;
824,Sylvester,Vivienda Universitaria;
825,Finn,Vivienda Universitaria;
826,Derward,Persona;
827,Filberto,Vivienda Universitaria;
828,Cole,Hostal;
829,Meredeth,Hostal;
830,Kristofor,Hotel;
831,Ezekiel,Hotel;
832,Pennie,Hotel;
833,Wang,Persona;
834,Morna,Hostal;
835,Vernen,Hostal;
836,Reena,Hotel;
837,Claudetta,Hotel;
838,Cosetta,Hostal;
839,Julieta,Hotel;
840,Neely,Vivienda Universitaria;
841,Anthiathia,Persona;
842,Sinclair,Hostal;
843,Linn,Hostal;
844,Sharyl,Hotel;
845,Vanna,Persona;
846,Kristian,Vivienda Universitaria;
847,Killy,Persona;
848,Gunther,Persona;
849,Burl,Hostal;
850,Evonne,Vivienda Universitaria;
851,Kimble,Vivienda Universitaria;
852,Igor,Vivienda Universitaria;
853,Jethro,Vivienda Universitaria;
854,Paola,Persona;
855,Rania,Hostal;
856,Easter,Vivienda Universitaria;
857,Dana,Hostal;
858,Goldie,Hostal;
859,Claudell,Hostal;
860,Raine,Vivienda Universitaria;
861,Jacques,Hostal;
862,Melessa,Hotel;
863,Gates,Hotel;
864,Candie,Hotel;
865,Sibyl,Hostal;
866,Faustine,Vivienda Universitaria;
867,Monika,Persona;
868,Townie,Vivienda Universitaria;
869,Noak,Hotel;
870,D'arcy,Persona;
871,Florette,Hotel;
872,Agnesse,Hostal;
873,Leshia,Persona;
874,Queenie,Persona;
875,Starr,Vivienda Universitaria;
876,Kellia,Persona;
877,Ody,Vivienda Universitaria;
878,Niko,Vivienda Universitaria;
879,Gwenette,Vivienda Universitaria;
880,Valeria,Persona;
881,Johna,Vivienda Universitaria;
882,Ruthy,Persona;
883,Claiborne,Vivienda Universitaria;
884,Barnaby,Hostal;
885,Justen,Persona;
886,Tilda,Persona;
887,Tad,Hotel;
888,Daniela,Hostal;
889,Alair,Persona;
890,Mitzi,Hostal;
891,Eugenia,Hostal;
892,Margarethe,Vivienda Universitaria;
893,Chic,Hostal;
894,Niles,Hotel;
895,Benjamin,Hostal;
896,Patience,Vivienda Universitaria;
897,Mallissa,Hotel;
898,Gerik,Vivienda Universitaria;
899,Leland,Vivienda Universitaria;
900,Davidson,Hotel;
901,Jada,Hotel;
902,Anton,Vivienda Universitaria;
903,Paulie,Persona;
904,Karoly,Hotel;
905,Avie,Hostal;
906,Cassi,Hotel;
907,Lay,Vivienda Universitaria;
908,Regan,Persona;
909,Sharleen,Hotel;
910,Annette,Vivienda Universitaria;
911,Salome,Persona;
912,Lorri,Persona;
913,Vikki,Hotel;
914,West,Hostal;
915,Arron,Vivienda Universitaria;
916,Moses,Persona;
917,Valma,Hotel;
918,Devi,Hostal;
919,Jaquenetta,Hostal;
920,Ethyl,Persona;
921,Carleton,Persona;
922,Enrique,Vivienda Universitaria;
923,Mahala,Hotel;
924,Baxter,Hostal;
925,Cecilla,Hostal;
926,Jenda,Hotel;
927,Julio,Hostal;
928,Georgeanna,Persona;
929,Dur,Hostal;
930,Ambros,Vivienda Universitaria;
931,Maximilian,Hotel;
932,Miriam,Persona;
933,Harmony,Vivienda Universitaria;
934,Ansel,Hostal;
935,Valaria,Hostal;
936,Euphemia,Hotel;
937,Deane,Persona;
938,Shay,Hotel;
939,Hasty,Hotel;
940,Antin,Persona;
941,Tana,Persona;
942,Tiffy,Persona;
943,Hermy,Hostal;
944,Mayor,Vivienda Universitaria;
945,Lowe,Persona;
946,Mitchel,Persona;
947,Ashbey,Hostal;
948,Emelita,Persona;
949,Demeter,Hotel;
950,Wallis,Hotel;
951,Shellysheldon,Hostal;
952,Rosalinde,Vivienda Universitaria;
953,Justinn,Vivienda Universitaria;
954,Renato,Hotel;
955,Felicity,Persona;
956,Kathie,Hotel;
957,Vannie,Persona;
958,Jacky,Persona;
959,Fran,Persona;
960,Ev,Hotel;
961,Urson,Vivienda Universitaria;
962,Shelby,Vivienda Universitaria;
963,Genia,Persona;
964,Agretha,Vivienda Universitaria;
965,Kylynn,Hotel;
966,Faustine,Vivienda Universitaria;
967,Katie,Hotel;
968,Rora,Vivienda Universitaria;
969,Adolphus,Persona;
970,Cassandry,Hotel;
971,Travis,Vivienda Universitaria;
972,Adela,Persona;
973,Kimmy,Hotel;
974,Colly,Vivienda Universitaria;
975,Kellina,Hotel;
976,Alex,Vivienda Universitaria;
977,Ashlin,Hostal;
978,Arlana,Hotel;
979,Antonin,Hostal;
980,Ddene,Hotel;
981,Alene,Vivienda Universitaria;
982,Allayne,Vivienda Universitaria;
983,Melony,Vivienda Universitaria;
984,Benedetto,Hotel;
985,Renato,Hotel;
986,Sanson,Vivienda Universitaria;
987,Ave,Persona;
988,Caitrin,Hostal;
989,Charlie,Persona;
990,Benedetto,Hostal;
991,Cammy,Vivienda Universitaria;
992,Tim,Hotel;
993,Sybilla,Vivienda Universitaria;
994,Giffer,Hostal;
995,Esta,Vivienda Universitaria;
996,Pavlov,Hotel;
997,Neale,Vivienda Universitaria;
998,Gipsy,Vivienda Universitaria;
999,Clarie,Vivienda Universitaria;
1000,Town,Persona;
1001,Fairlie,Persona;
1002,Sigismund,Hostal;
1003,Bennett,Persona;
1004,Zsazsa,Vivienda Universitaria;
1005,Lemar,Persona;
1006,Anallese,Persona;
1007,Jameson,Hotel;
1008,Abra,Hostal;
1009,Ursa,Persona;
1010,Andras,Hotel;
1011,Heriberto,Hotel;
1012,Cchaddie,Vivienda Universitaria;
1013,Leanora,Hotel;
1014,Concordia,Hostal;
1015,Mano,Hotel;
1016,Fidelio,Persona;
1017,Mae,Persona;
1018,Germaine,Hotel;
1019,Mord,Persona;
1020,Alyson,Hotel;
1021,Sherie,Hotel;
1022,Consalve,Vivienda Universitaria;
1023,Marji,Vivienda Universitaria;
1024,Batholomew,Hotel;
1025,Ninetta,Hostal;
1026,Anselma,Hostal;
1027,Berkly,Hostal;
1028,Wendi,Hostal;
1029,Ethelred,Vivienda Universitaria;
1030,Cherise,Hotel;
1031,Eyde,Hostal;
1032,Boigie,Hostal;
1033,Charmion,Vivienda Universitaria;
1034,Maison,Hostal;
1035,Bradley,Persona;
1036,Turner,Hostal;
1037,Rowen,Vivienda Universitaria;
1038,Lefty,Hotel;
1039,Luis,Hostal;
1040,Poul,Vivienda Universitaria;
1041,Forbes,Hostal;
1042,Karil,Vivienda Universitaria;
1043,Darwin,Vivienda Universitaria;
1044,Annmaria,Vivienda Universitaria;
1045,Dov,Hostal;
1046,Haydon,Hotel;
1047,Duff,Persona;
1048,Augustine,Hotel;
1049,Ninnetta,Vivienda Universitaria;
1050,Gerrilee,Persona;
1051,Mariette,Persona;
1052,Alysia,Vivienda Universitaria;
1053,Betta,Hostal;
1054,Colly,Hostal;
1055,Brucie,Persona;
1056,Hewett,Hostal;
1057,Paxon,Persona;
1058,Tate,Hotel;
1059,Chen,Hotel;
1060,Bunni,Hotel;
1061,Bernie,Persona;
1062,Gerianna,Persona;
1063,Tootsie,Hostal;
1064,Dan,Vivienda Universitaria;
1065,Wenonah,Vivienda Universitaria;
1066,Bernarr,Persona;
1067,Trever,Persona;
1068,Kelcie,Vivienda Universitaria;
1069,Archibold,Hostal;
1070,Ewen,Hostal;
1071,Bobbee,Persona;
1072,Nelson,Hotel;
1073,James,Persona;
1074,Fergus,Persona;
1075,Bartie,Persona;
1076,Stanleigh,Hostal;
1077,Kalila,Vivienda Universitaria;
1078,Donni,Hotel;
1079,Jaquenette,Hostal;
1080,Saunderson,Vivienda Universitaria;
1081,Frankie,Hostal;
1082,Lonnard,Persona;
1083,Anatole,Hostal;
1084,Reg,Hostal;
1085,Gilli,Vivienda Universitaria;
1086,Rory,Hostal;
1087,Pauline,Persona;
1088,Myrilla,Persona;
1089,Orelia,Hotel;
1090,Nick,Vivienda Universitaria;
1091,Iona,Vivienda Universitaria;
1092,Forster,Persona;
1093,Hyacinthe,Hostal;
1094,Devora,Vivienda Universitaria;
1095,Bebe,Vivienda Universitaria;
1096,Myrlene,Hostal;
1097,Vladimir,Hostal;
1098,Lemar,Hostal;
1099,Scot,Hotel;
1100,Marion,Vivienda Universitaria;
1101,Prue,Hotel;
1102,Esmeralda,Hotel;
1103,Nani,Hostal;
1104,Alanah,Hostal;
1105,Roseline,Persona;
1106,Urban,Hotel;
1107,Nada,Persona;
1108,Dorey,Hostal;
1109,Tierney,Hotel;
1110,Laetitia,Vivienda Universitaria;
1111,Ede,Hostal;
1112,Joela,Vivienda Universitaria;
1113,Sharla,Hotel;
1114,Rea,Vivienda Universitaria;
1115,Dionisio,Hostal;
1116,Farrel,Vivienda Universitaria;
1117,Bo,Hostal;
1118,Lucky,Vivienda Universitaria;
1119,Lockwood,Persona;
1120,Waylon,Persona;
1121,Genna,Hostal;
1122,Hedwiga,Persona;
1123,Haleigh,Hostal;
1124,Langsdon,Persona;
1125,Margarette,Hotel;
1126,Axe,Vivienda Universitaria;
1127,Barbra,Vivienda Universitaria;
1128,Cinderella,Persona;
1129,Ancell,Persona;
1130,Conny,Hostal;
1131,Doretta,Hostal;
1132,Onofredo,Hotel;
1133,Tim,Hotel;
1134,Ki,Vivienda Universitaria;
1135,Nelie,Hostal;
1136,Adham,Hotel;
1137,Sasha,Hotel;
1138,Luca,Hostal;
1139,Samuele,Hostal;
1140,Nanci,Persona;
1141,Eydie,Hotel;
1142,Natasha,Vivienda Universitaria;
1143,Law,Vivienda Universitaria;
1144,Blanca,Hostal;
1145,Kim,Hotel;
1146,Corrine,Vivienda Universitaria;
1147,Alvy,Vivienda Universitaria;
1148,Nita,Vivienda Universitaria;
1149,Gaylord,Hostal;
1150,Inesita,Hostal;
1151,Sallyanne,Hostal;
1152,Budd,Vivienda Universitaria;
1153,Enriqueta,Hostal;
1154,Jaimie,Vivienda Universitaria;
1155,Noland,Hostal;
1156,Morrie,Hotel;
1157,Eadmund,Hostal;
1158,Blinnie,Hostal;
1159,Valma,Vivienda Universitaria;
1160,Corrinne,Vivienda Universitaria;
1161,Englebert,Hotel;
1162,Finlay,Vivienda Universitaria;
1163,Del,Vivienda Universitaria;
1164,Legra,Vivienda Universitaria;
1165,Isidora,Persona;
1166,Hazel,Vivienda Universitaria;
1167,Townsend,Vivienda Universitaria;
1168,Adrienne,Persona;
1169,Addia,Persona;
1170,Marlie,Persona;
1171,Alisha,Persona;
1172,Myrta,Hotel;
1173,Milzie,Hostal;
1174,Harriette,Hotel;
1175,Forest,Hotel;
1176,Eugen,Hotel;
1177,Stefania,Vivienda Universitaria;
1178,Callean,Vivienda Universitaria;
1179,Golda,Hostal;
1180,Brenna,Hostal;
1181,Jakie,Vivienda Universitaria;
1182,Olivia,Hotel;
1183,Gleda,Hostal;
1184,Meghann,Hotel;
1185,Mona,Hostal;
1186,Boony,Hotel;
1187,Manfred,Hostal;
1188,Shoshana,Vivienda Universitaria;
1189,Conney,Hotel;
1190,Burlie,Hostal;
1191,Rowland,Persona;
1192,Mella,Persona;
1193,Avie,Vivienda Universitaria;
1194,Suzann,Persona;
1195,Feodora,Vivienda Universitaria;
1196,Steffane,Hotel;
1197,Abie,Persona;
1198,Parker,Vivienda Universitaria;
1199,Marcy,Persona;
1200,Dawn,Persona;
1201,Brandtr,Hostal;
1202,Giraldo,Hostal;
1203,Giacobo,Hotel;
1204,Philis,Hotel;
1205,Thaxter,Hostal;
1206,Carlyle,Hotel;
1207,Rubina,Hotel;
1208,Guenna,Persona;
1209,Avie,Hostal;
1210,Elbert,Persona;
1211,Roslyn,Vivienda Universitaria;
1212,Othilie,Persona;
1213,Dee,Hostal;
1214,Agathe,Vivienda Universitaria;
1215,Ham,Persona;
1216,Pamela,Persona;
1217,Pauly,Hostal;
1218,Malissa,Vivienda Universitaria;
1219,Orly,Hostal;
1220,Talyah,Persona;
1221,Horton,Persona;
1222,Dot,Hostal;
1223,Felizio,Hostal;
1224,Verne,Hostal;
1225,Kirk,Hotel;
1226,Timi,Hotel;
1227,Demetris,Hostal;
1228,Laurie,Hotel;
1229,Kare,Persona;
1230,Dorena,Persona;
1231,Ulberto,Vivienda Universitaria;
1232,Becka,Hostal;
1233,Selie,Hotel;
1234,Zora,Vivienda Universitaria;
1235,Lizzie,Hostal;
1236,Lars,Hostal;
1237,Remington,Hostal;
1238,Sherlocke,Hotel;
1239,Hubey,Hotel;
1240,Arielle,Vivienda Universitaria;
1241,Van,Hostal;
1242,Crawford,Vivienda Universitaria;
1243,Jay,Persona;
1244,Field,Hostal;
1245,Abrahan,Hotel;
1246,Ardene,Vivienda Universitaria;
1247,Lincoln,Persona;
1248,Federico,Hostal;
1249,Jareb,Hotel;
1250,Kayla,Hotel;
1251,Jania,Hostal;
1252,Elene,Hotel;
1253,Lilia,Vivienda Universitaria;
1254,Kim,Persona;
1255,Sophia,Hotel;
1256,Gabriela,Vivienda Universitaria;
1257,Nicolis,Hotel;
1258,Correy,Vivienda Universitaria;
1259,Fowler,Hostal;
1260,Xymenes,Hostal;
1261,Simonette,Hotel;
1262,Collin,Persona;
1263,Henrik,Hotel;
1264,Aubree,Hostal;
1265,Jodi,Persona;
1266,Cyndy,Hotel;
1267,Reese,Hostal;
1268,Elbertina,Hostal;
1269,Daria,Vivienda Universitaria;
1270,Karyl,Vivienda Universitaria;
1271,Pearl,Hostal;
1272,Konstanze,Persona;
1273,Tamas,Vivienda Universitaria;
1274,Norry,Vivienda Universitaria;
1275,Sylvia,Vivienda Universitaria;
1276,Oran,Persona;
1277,Jayme,Persona;
1278,Karlotta,Hotel;
1279,Raymund,Persona;
1280,Adria,Hostal;
1281,Daile,Hotel;
1282,Gale,Vivienda Universitaria;
1283,Carri,Vivienda Universitaria;
1284,Joya,Hotel;
1285,Chic,Hostal;
1286,Darin,Persona;
1287,Kipp,Vivienda Universitaria;
1288,Romona,Hostal;
1289,Latia,Vivienda Universitaria;
1290,Andrea,Persona;
1291,Creigh,Persona;
1292,Andros,Persona;
1293,Patrice,Persona;
1294,Pavla,Hostal;
1295,Melodie,Hotel;
1296,Daffie,Persona;
1297,Nita,Hotel;
1298,Gabbi,Vivienda Universitaria;
1299,Georgeta,Persona;
1300,Florance,Hostal;
1301,Dillie,Persona;
1302,Nikoletta,Hostal;
1303,Hort,Hostal;
1304,Melamie,Persona;
1305,Whitaker,Vivienda Universitaria;
1306,Randall,Vivienda Universitaria;
1307,Clea,Persona;
1308,Shaine,Hostal;
1309,Tabitha,Hotel;
1310,Addi,Hotel;
1311,Rosalie,Hostal;
1312,Aharon,Hostal;
1313,Dieter,Vivienda Universitaria;
1314,Danyelle,Vivienda Universitaria;
1315,Ivonne,Hotel;
1316,George,Hostal;
1317,Gabriellia,Hotel;
1318,Riannon,Hostal;
1319,Deirdre,Hostal;
1320,Kit,Hotel;
1321,Bobina,Vivienda Universitaria;
1322,Crichton,Vivienda Universitaria;
1323,Melina,Persona;
1324,Sharity,Vivienda Universitaria;
1325,Sissie,Vivienda Universitaria;
1326,Mathian,Hostal;
1327,Jyoti,Persona;
1328,Tamara,Persona;
1329,Peg,Vivienda Universitaria;
1330,Layne,Hotel;
1331,Tammy,Hostal;
1332,Ole,Persona;
1333,Gearalt,Hostal;
1334,Ellerey,Hostal;
1335,Hildy,Hotel;
1336,Madelaine,Vivienda Universitaria;
1337,Theodosia,Vivienda Universitaria;
1338,Chelsae,Persona;
1339,Pamela,Hotel;
1340,Derrik,Vivienda Universitaria;
1341,Roxanna,Vivienda Universitaria;
1342,Roberta,Persona;
1343,Rogerio,Hotel;
1344,Benson,Hostal;
1345,Nevin,Hostal;
1346,Alphard,Persona;
1347,Boote,Persona;
1348,Eimile,Vivienda Universitaria;
1349,Theobald,Hostal;
1350,Francisca,Hotel;
1351,Chere,Persona;
1352,Celestina,Hostal;
1353,Felice,Hotel;
1354,Wilie,Hostal;
1355,Storm,Persona;
1356,Edy,Hostal;
1357,Barnard,Hostal;
1358,Donovan,Persona;
1359,Kent,Vivienda Universitaria;
1360,Elinore,Persona;
1361,Isidro,Hotel;
1362,Adelaide,Hotel;
1363,Mike,Persona;
1364,Carie,Hotel;
1365,Rheba,Persona;
1366,Lynne,Vivienda Universitaria;
1367,Laina,Hostal;
1368,Geneva,Hostal;
1369,Maggi,Hotel;
1370,Melonie,Hotel;
1371,Shurwood,Hotel;
1372,Marietta,Hostal;
1373,Ingaberg,Hotel;
1374,Clementia,Persona;
1375,Neal,Hostal;
1376,Huey,Persona;
1377,Waiter,Vivienda Universitaria;
1378,Drucill,Hostal;
1379,Virginia,Hotel;
1380,Allin,Hostal;
1381,Garnette,Persona;
1382,Frederica,Persona;
1383,Rosene,Hostal;
1384,Normy,Persona;
1385,Woodrow,Hotel;
1386,Jerry,Persona;
1387,Debbie,Hostal;
1388,Aline,Persona;
1389,Carr,Vivienda Universitaria;
1390,Felizio,Vivienda Universitaria;
1391,Betti,Persona;
1392,Pauline,Vivienda Universitaria;
1393,Emlyn,Hostal;
1394,Dara,Vivienda Universitaria;
1395,Ludwig,Vivienda Universitaria;
1396,Corette,Hostal;
1397,Ric,Hostal;
1398,Pincus,Persona;
1399,Connie,Persona;
1400,Fanni,Persona;
1401,Wiatt,Vivienda Universitaria;
1402,Ashton,Hostal;
1403,Jenelle,Vivienda Universitaria;
1404,Dulcea,Hotel;
1405,Hank,Vivienda Universitaria;
1406,Brandise,Hostal;
1407,Juditha,Vivienda Universitaria;
1408,Yoshi,Vivienda Universitaria;
1409,Addison,Hostal;
1410,Marsha,Hostal;
1411,Ricky,Hostal;
1412,Honey,Hotel;
1413,Neale,Persona;
1414,Darice,Persona;
1415,Doro,Vivienda Universitaria;
1416,Archibold,Vivienda Universitaria;
1417,Bucky,Persona;
1418,Neron,Hotel;
1419,Mirabella,Hostal;
1420,Meyer,Hotel;
1421,Nobe,Hotel;
1422,Maia,Persona;
1423,Etan,Persona;
1424,Burton,Hostal;
1425,Rozella,Persona;
1426,Gui,Hotel;
1427,Estelle,Persona;
1428,Lombard,Persona;
1429,Harli,Vivienda Universitaria;
1430,Nanete,Vivienda Universitaria;
1431,Matteo,Persona;
1432,Beret,Vivienda Universitaria;
1433,Windham,Persona;
1434,Zola,Persona;
1435,Donovan,Hotel;
1436,Sybyl,Hostal;
1437,Langston,Persona;
1438,Kelvin,Vivienda Universitaria;
1439,Gerry,Persona;
1440,Jasmina,Hotel;
1441,Isahella,Hotel;
1442,Romona,Hostal;
1443,Dorey,Hostal;
1444,Romain,Hotel;
1445,Curtice,Hotel;
1446,Sallee,Persona;
1447,Reid,Hostal;
1448,Isac,Vivienda Universitaria;
1449,Lanie,Hotel;
1450,Mureil,Persona;
1451,Tab,Hostal;
1452,Daune,Persona;
1453,Dreddy,Persona;
1454,Laurena,Hostal;
1455,Yul,Hostal;
1456,Colette,Hostal;
1457,Jolyn,Vivienda Universitaria;
1458,Christina,Vivienda Universitaria;
1459,Dominik,Hotel;
1460,Sena,Hostal;
1461,Louella,Hotel;
1462,Ludvig,Persona;
1463,Graeme,Hostal;
1464,Bree,Hostal;
1465,Jarid,Hostal;
1466,Petronia,Vivienda Universitaria;
1467,Bruce,Persona;
1468,Branden,Vivienda Universitaria;
1469,Alan,Hotel;
1470,Byran,Vivienda Universitaria;
1471,Margie,Hostal;
1472,Nichols,Hotel;
1473,Temp,Persona;
1474,Franklin,Vivienda Universitaria;
1475,Jamill,Vivienda Universitaria;
1476,Sue,Vivienda Universitaria;
1477,Miller,Hostal;
1478,Berri,Hotel;
1479,Krystal,Hostal;
1480,Roberto,Hotel;
1481,Deane,Vivienda Universitaria;
1482,Vale,Persona;
1483,Ashley,Vivienda Universitaria;
1484,Cori,Persona;
1485,Sisile,Vivienda Universitaria;
1486,Pernell,Hostal;
1487,Nelson,Hostal;
1488,Read,Vivienda Universitaria;
1489,Jacqueline,Persona;
1490,Winna,Hostal;
1491,Rikki,Hostal;
1492,Jeannie,Hostal;
1493,Lanni,Vivienda Universitaria;
1494,Etan,Hotel;
1495,Merrile,Vivienda Universitaria;
1496,Merrel,Hotel;
1497,Elfrida,Hostal;
1498,Saunders,Vivienda Universitaria;
1499,Allix,Hotel;
1500,Beau,Hostal;
1501,Mandy,Persona;
1502,Miguel,Hostal;
1503,Claire,Hotel;
1504,Amanda,Hostal;
1505,Peggy,Hostal;
1506,Julita,Vivienda Universitaria;
1507,Jefferson,Vivienda Universitaria;
1508,Augustina,Hotel;
1509,Clerkclaude,Vivienda Universitaria;
1510,Michale,Hotel;
1511,Chandal,Persona;
1512,Elana,Vivienda Universitaria;
1513,Farlie,Vivienda Universitaria;
1514,Emelda,Hostal;
1515,Beckie,Hotel;
1516,Fania,Vivienda Universitaria;
1517,Aile,Vivienda Universitaria;
1518,Con,Vivienda Universitaria;
1519,Rozalin,Persona;
1520,Baxy,Hotel;
1521,Boonie,Persona;
1522,Clement,Hotel;
1523,Georgette,Vivienda Universitaria;
1524,Annissa,Vivienda Universitaria;
1525,Carla,Vivienda Universitaria;
1526,Andree,Persona;
1527,Ole,Persona;
1528,Jaymie,Hotel;
1529,Lazare,Vivienda Universitaria;
1530,Tansy,Hotel;
1531,Cherlyn,Persona;
1532,Ross,Hostal;
1533,Shela,Persona;
1534,Allison,Hostal;
1535,Khalil,Persona;
1536,Maxie,Hostal;
1537,Dore,Hostal;
1538,Sandie,Persona;
1539,Ingeborg,Hostal;
1540,Lorant,Hotel;
1541,Aimil,Persona;
1542,Koressa,Hotel;
1543,Vaughan,Persona;
1544,Dorthy,Hostal;
1545,Richy,Vivienda Universitaria;
1546,Gus,Persona;
1547,Cyril,Hostal;
1548,Pennie,Persona;
1549,Page,Persona;
1550,Beverie,Hotel;
1551,Ulises,Persona;
1552,Oralie,Hotel;
1553,Launce,Persona;
1554,Michelle,Hostal;
1555,Bing,Vivienda Universitaria;
1556,Barri,Hotel;
1557,Dorey,Vivienda Universitaria;
1558,Sampson,Hotel;
1559,Murray,Persona;
1560,Vivie,Hostal;
1561,Eloisa,Hostal;
1562,Prince,Hostal;
1563,Tatum,Persona;
1564,Denny,Persona;
1565,Kendell,Hostal;
1566,Pebrook,Vivienda Universitaria;
1567,Ase,Persona;
1568,Aarika,Hotel;
1569,Roxana,Hotel;
1570,Rhonda,Vivienda Universitaria;
1571,Goober,Vivienda Universitaria;
1572,Drusy,Vivienda Universitaria;
1573,Shell,Vivienda Universitaria;
1574,Eulalie,Hotel;
1575,Larisa,Hotel;
1576,Toni,Hotel;
1577,Salem,Hotel;
1578,Chilton,Vivienda Universitaria;
1579,Opaline,Vivienda Universitaria;
1580,Lorin,Vivienda Universitaria;
1581,Astrix,Vivienda Universitaria;
1582,Farly,Vivienda Universitaria;
1583,Moina,Hotel;
1584,Giusto,Hostal;
1585,Bonnie,Persona;
1586,Lark,Persona;
1587,Doralia,Hotel;
1588,Kaile,Vivienda Universitaria;
1589,Virgilio,Hostal;
1590,Carlo,Hotel;
1591,Christabella,Vivienda Universitaria;
1592,Sher,Hostal;
1593,Tallia,Hotel;
1594,Hashim,Persona;
1595,Marcellina,Persona;
1596,Ezequiel,Hotel;
1597,Shea,Hotel;
1598,Georgie,Persona;
1599,Bart,Hostal;
1600,Livvy,Hostal;
1601,Linn,Vivienda Universitaria;
1602,Chrystal,Hotel;
1603,Blair,Hotel;
1604,Stacee,Vivienda Universitaria;
1605,Didi,Vivienda Universitaria;
1606,Danya,Hotel;
1607,Shanna,Persona;
1608,Kary,Persona;
1609,Keenan,Persona;
1610,Doyle,Hostal;
1611,Ina,Hotel;
1612,Marita,Hotel;
1613,Albert,Hostal;
1614,Karlee,Hostal;
1615,Angelique,Hotel;
1616,Cedric,Hotel;
1617,Pen,Hostal;
1618,Putnam,Vivienda Universitaria;
1619,Nancie,Vivienda Universitaria;
1620,Carmine,Hotel;
1621,Pauly,Persona;
1622,Merrill,Vivienda Universitaria;
1623,Myrle,Hostal;
1624,Kitti,Persona;
1625,Lula,Vivienda Universitaria;
1626,Lanita,Hostal;
1627,Melisa,Vivienda Universitaria;
1628,Harris,Hostal;
1629,Humbert,Vivienda Universitaria;
1630,Lorita,Persona;
1631,Ferguson,Hotel;
1632,Kathryn,Hostal;
1633,Tracey,Vivienda Universitaria;
1634,Roselle,Hotel;
1635,Alfie,Persona;
1636,Claiborne,Vivienda Universitaria;
1637,Pierre,Hostal;
1638,Marsh,Vivienda Universitaria;
1639,Stoddard,Vivienda Universitaria;
1640,Rhoda,Vivienda Universitaria;
1641,Pearce,Hotel;
1642,Reese,Persona;
1643,Andromache,Persona;
1644,Herc,Hostal;
1645,Bab,Hostal;
1646,Perry,Hotel;
1647,Theressa,Vivienda Universitaria;
1648,Chancey,Hostal;
1649,Kerrie,Persona;
1650,Rafaela,Vivienda Universitaria;
1651,Ellynn,Persona;
1652,Larisa,Hostal;
1653,Marvin,Vivienda Universitaria;
1654,Denny,Persona;
1655,Oliver,Hostal;
1656,Harold,Vivienda Universitaria;
1657,Neall,Hotel;
1658,Kesley,Persona;
1659,Philis,Hostal;
1660,Woodie,Hotel;
1661,Analiese,Hotel;
1662,Esma,Hotel;
1663,Maud,Hostal;
1664,Nikaniki,Vivienda Universitaria;
1665,Pyotr,Persona;
1666,Ardyce,Hostal;
1667,Susi,Vivienda Universitaria;
1668,Glenn,Hostal;
1669,Shirleen,Vivienda Universitaria;
1670,Ruperto,Vivienda Universitaria;
1671,Alex,Persona;
1672,Ericka,Vivienda Universitaria;
1673,Deeann,Hotel;
1674,Carry,Hostal;
1675,Les,Hostal;
1676,Rhody,Persona;
1677,Keane,Persona;
1678,Hester,Persona;
1679,Philip,Vivienda Universitaria;
1680,Gale,Persona;
1681,Maximilien,Hostal;
1682,Trix,Vivienda Universitaria;
1683,Carine,Vivienda Universitaria;
1684,Edwina,Hotel;
1685,Adrian,Hostal;
1686,Alyosha,Hostal;
1687,Binnie,Hostal;
1688,Hope,Persona;
1689,Wendy,Hostal;
1690,Woodman,Hotel;
1691,Emmery,Vivienda Universitaria;
1692,Fredra,Persona;
1693,Gram,Hotel;
1694,Pammi,Hotel;
1695,Petronia,Persona;
1696,Cirstoforo,Vivienda Universitaria;
1697,Tallie,Vivienda Universitaria;
1698,Sari,Vivienda Universitaria;
1699,Lavinie,Persona;
1700,Evey,Vivienda Universitaria;
1701,Haze,Vivienda Universitaria;
1702,Tiffany,Hotel;
1703,Inna,Hotel;
1704,Eddy,Hotel;
1705,Rudd,Hotel;
1706,Stevie,Hostal;
1707,Jolyn,Persona;
1708,Gerri,Persona;
1709,Breanne,Hostal;
1710,Orelie,Persona;
1711,Buckie,Hostal;
1712,Christi,Vivienda Universitaria;
1713,Billie,Hostal;
1714,Willi,Persona;
1715,Clare,Persona;
1716,Weidar,Vivienda Universitaria;
1717,Guthry,Hotel;
1718,Christoph,Hostal;
1719,Ethelred,Hotel;
1720,Kile,Persona;
1721,Archibald,Persona;
1722,Marlane,Vivienda Universitaria;
1723,Boonie,Hotel;
1724,Carmine,Vivienda Universitaria;
1725,Conrad,Hotel;
1726,Jenifer,Hostal;
1727,Brendis,Hostal;
1728,Lazaro,Hotel;
1729,Milena,Hostal;
1730,Catherina,Hostal;
1731,Vachel,Vivienda Universitaria;
1732,Levey,Hotel;
1733,Hilary,Vivienda Universitaria;
1734,Adriana,Vivienda Universitaria;
1735,Con,Hostal;
1736,Emogene,Hostal;
1737,Nettle,Persona;
1738,Toiboid,Persona;
1739,Lief,Hostal;
1740,Eadith,Hotel;
1741,Darlleen,Hostal;
1742,Geri,Vivienda Universitaria;
1743,Shelden,Persona;
1744,Kahlil,Hotel;
1745,Dee,Vivienda Universitaria;
1746,Sherline,Vivienda Universitaria;
1747,Rem,Hostal;
1748,Erny,Hotel;
1749,Melloney,Vivienda Universitaria;
1750,Conant,Hostal;
1751,Melody,Persona;
1752,Ianthe,Persona;
1753,Ernestine,Vivienda Universitaria;
1754,Vivyanne,Hotel;
1755,Claudina,Hotel;
1756,Haslett,Hotel;
1757,Dareen,Hotel;
1758,Tiffie,Hostal;
1759,Kristos,Persona;
1760,Nap,Vivienda Universitaria;
1761,Lona,Persona;
1762,Lucias,Persona;
1763,Veronika,Hotel;
1764,Rickie,Vivienda Universitaria;
1765,Evanne,Hostal;
1766,Penelope,Hostal;
1767,Kristopher,Persona;
1768,Morry,Hotel;
1769,Les,Hotel;
1770,Katrine,Hotel;
1771,Olivero,Hostal;
1772,Izzy,Vivienda Universitaria;
1773,Gillan,Hostal;
1774,Caz,Vivienda Universitaria;
1775,Rupert,Hotel;
1776,Broddy,Hostal;
1777,Samantha,Persona;
1778,Shellysheldon,Hotel;
1779,Tab,Vivienda Universitaria;
1780,Sandro,Vivienda Universitaria;
1781,Maisie,Persona;
1782,Mil,Vivienda Universitaria;
1783,Courtenay,Hostal;
1784,Erika,Hostal;
1785,Gonzales,Hotel;
1786,Batholomew,Vivienda Universitaria;
1787,Shae,Hotel;
1788,Delilah,Vivienda Universitaria;
1789,Sheelah,Hostal;
1790,Ulises,Persona;
1791,Stephanus,Vivienda Universitaria;
1792,Reinwald,Persona;
1793,Willabella,Hotel;
1794,Amble,Hotel;
1795,Lia,Vivienda Universitaria;
1796,Marv,Hotel;
1797,Salvidor,Vivienda Universitaria;
1798,Edgard,Persona;
1799,Eloisa,Hotel;
1800,Sonny,Hotel;
1801,Kristin,Hotel;
1802,Eyde,Vivienda Universitaria;
1803,Felix,Hostal;
1804,Ursala,Hostal;
1805,Devi,Hostal;
1806,Wainwright,Persona;
1807,Leone,Vivienda Universitaria;
1808,Mark,Persona;
1809,Tonya,Hostal;
1810,Westbrooke,Persona;
1811,Tobe,Persona;
1812,Alberta,Persona;
1813,Maddie,Persona;
1814,Kahlil,Vivienda Universitaria;
1815,Cecilius,Vivienda Universitaria;
1816,Yvonne,Hostal;
1817,Rowland,Vivienda Universitaria;
1818,Pat,Persona;
1819,Boot,Persona;
1820,Worden,Hostal;
1821,Ramsey,Hotel;
1822,Tommy,Hostal;
1823,Victoria,Vivienda Universitaria;
1824,Eolanda,Hotel;
1825,Staffard,Hostal;
1826,Johnny,Hostal;
1827,Irving,Vivienda Universitaria;
1828,Anica,Hotel;
1829,Catharina,Hotel;
1830,Marrissa,Persona;
1831,Katie,Persona;
1832,Bradly,Vivienda Universitaria;
1833,Maryanna,Vivienda Universitaria;
1834,Albertine,Hotel;
1835,Rodi,Hostal;
1836,Darill,Vivienda Universitaria;
1837,Joleen,Vivienda Universitaria;
1838,Patty,Persona;
1839,Rikki,Vivienda Universitaria;
1840,Cassaundra,Hostal;
1841,Kit,Hostal;
1842,Lily,Hostal;
1843,Diarmid,Persona;
1844,Sasha,Hotel;
1845,Jeno,Vivienda Universitaria;
1846,Claresta,Hotel;
1847,Everett,Hotel;
1848,Kirsten,Hotel;
1849,Farlee,Vivienda Universitaria;
1850,Jeromy,Hostal;
1851,Dean,Persona;
1852,Federica,Persona;
1853,Sydelle,Persona;
1854,Addy,Persona;
1855,Stan,Hostal;
1856,Kalindi,Hotel;
1857,Billie,Hotel;
1858,Bronny,Hotel;
1859,Chanda,Persona;
1860,Courtney,Hostal;
1861,Dee,Persona;
1862,June,Hostal;
1863,Ruperto,Hostal;
1864,Elladine,Persona;
1865,Emeline,Vivienda Universitaria;
1866,Eleen,Vivienda Universitaria;
1867,Emmi,Hostal;
1868,Percival,Vivienda Universitaria;
1869,Lisette,Vivienda Universitaria;
1870,Monroe,Hostal;
1871,Ebony,Vivienda Universitaria;
1872,Dell,Hostal;
1873,Sammy,Hotel;
1874,Adham,Hotel;
1875,Tabby,Hotel;
1876,Iona,Persona;
1877,Addia,Hotel;
1878,Dominga,Persona;
1879,Milissent,Vivienda Universitaria;
1880,Hayes,Vivienda Universitaria;
1881,Phil,Hotel;
1882,Paula,Hostal;
1883,Ardyce,Persona;
1884,Gaston,Hostal;
1885,Farrell,Vivienda Universitaria;
1886,Ulrich,Vivienda Universitaria;
1887,Pierce,Persona;
1888,Lyssa,Persona;
1889,Cornall,Persona;
1890,Costa,Persona;
1891,Kalina,Hostal;
1892,Raphaela,Hostal;
1893,Robinet,Persona;
1894,Bili,Hotel;
1895,Lindy,Vivienda Universitaria;
1896,Kathe,Hotel;
1897,Kirstyn,Persona;
1898,Rebeca,Vivienda Universitaria;
1899,Shep,Hotel;
1900,Sylvia,Vivienda Universitaria;
1901,Ruddy,Vivienda Universitaria;
1902,Domini,Vivienda Universitaria;
1903,Maxy,Persona;
1904,Stanislaw,Hotel;
1905,Sharia,Persona;
1906,Harley,Vivienda Universitaria;
1907,Obidiah,Hotel;
1908,Effie,Hotel;
1909,Dwayne,Hostal;
1910,Sallie,Persona;
1911,Sam,Vivienda Universitaria;
1912,Johannah,Persona;
1913,Alick,Vivienda Universitaria;
1914,Faythe,Persona;
1915,Ainslie,Hostal;
1916,Nick,Hotel;
1917,Dare,Vivienda Universitaria;
1918,Fritz,Persona;
1919,Ricky,Vivienda Universitaria;
1920,Caroljean,Vivienda Universitaria;
1921,Leona,Vivienda Universitaria;
1922,Andrew,Persona;
1923,Gabbie,Persona;
1924,Carly,Vivienda Universitaria;
1925,Allyn,Vivienda Universitaria;
1926,Franzen,Hostal;
1927,Isadora,Persona;
1928,Meagan,Hotel;
1929,Son,Persona;
1930,Jessica,Vivienda Universitaria;
1931,Karry,Vivienda Universitaria;
1932,Starla,Persona;
1933,Cesya,Hotel;
1934,Chen,Hotel;
1935,Tim,Persona;
1936,Madlen,Vivienda Universitaria;
1937,Helenelizabeth,Persona;
1938,Frans,Vivienda Universitaria;
1939,Franklin,Hostal;
1940,Sile,Hostal;
1941,Tabbi,Hostal;
1942,Mellisent,Hostal;
1943,Waldo,Persona;
1944,Chevalier,Hostal;
1945,Bamby,Hostal;
1946,Huntlee,Hotel;
1947,Tommie,Persona;
1948,Erin,Hostal;
1949,Emmery,Vivienda Universitaria;
1950,Hedvig,Persona;
1951,Sandor,Hotel;
1952,Aura,Hostal;
1953,Adella,Hostal;
1954,Roxie,Vivienda Universitaria;
1955,Davita,Hostal;
1956,Malynda,Persona;
1957,Roobbie,Vivienda Universitaria;
1958,Sileas,Hotel;
1959,Land,Hostal;
1960,Bogart,Hostal;
1961,Jocko,Hotel;
1962,Merrily,Vivienda Universitaria;
1963,Jeannette,Hotel;
1964,Bili,Persona;
1965,Alair,Hostal;
1966,Siobhan,Hotel;
1967,Lonnie,Persona;
1968,Theresa,Persona;
1969,Ardisj,Hostal;
1970,Kelcey,Persona;
1971,Ruy,Vivienda Universitaria;
1972,Lyell,Persona;
1973,Clarisse,Persona;
1974,Bebe,Hotel;
1975,Aubine,Hotel;
1976,Jeromy,Persona;
1977,Brnaby,Hotel;
1978,Sharlene,Vivienda Universitaria;
1979,Karrie,Hostal;
1980,Barrie,Persona;
1981,Conny,Hotel;
1982,Ginny,Vivienda Universitaria;
1983,Terence,Persona;
1984,Edgardo,Persona;
1985,Mead,Hotel;
1986,Rene,Vivienda Universitaria;
1987,Deva,Vivienda Universitaria;
1988,Shem,Hotel;
1989,Denys,Persona;
1990,Tove,Persona;
1991,Den,Hostal;
1992,Alysia,Hotel;
1993,Modesty,Vivienda Universitaria;
1994,Krispin,Persona;
1995,Tiffi,Hostal;
1996,Moreen,Hostal;
1997,Bartholomew,Persona;
1998,Bard,Hostal;
1999,Ardra,Hostal;
2000,Regine,Hostal;
