id,numeroHabitaciones,menaje,ids
 5001,1, Johnson Parker and Schulist ,149 
5002,2,Turcotte Group,437
 5003,1, Walsh Sipes and Crist ,467 
 5004,3, Kshlerin Powlowski and Kozey ,322 
5005,5,Rippin-Ankunding,487
5006,6,Stiedemann-Stiedemann,732
 5007,3, Cormier Quitzon and Considine ,615 
 5008,6, Mills Rau and Greenholt ,71 
5009,4,Rosenbaum-Conn,374
5010,6,Watsica Inc,743
5011,6,Nitzsche-Christiansen,635
 5012,4, Hamill Rosenbaum and Jenkins ,504 
5013,3,Leannon and Sons,990
5014,3,Medhurst Inc,127
5015,2,Brekke Inc,71
 5016,5, Schneider Weissnat and Boyer ,904 
5017,5,Cummings Group,107
 5018,1, Waelchi Heidenreich and Stiedemann ,867 
5019,3,Rath LLC,465
 5020,4, Roberts Kling and Aufderhar ,231 
 5021,1, Kihn Brekke and Huels ,611 
5022,1,Cremin-Gerlach,696
5023,4,Hansen-Gibson,101
5024,1,Goldner Group,7
5025,4,Wuckert and Sons,791
5026,5,Mayer Group,668
5027,3,Ruecker Inc,902
5028,6,Eichmann LLC,202
5029,4,Pouros Group,141
5030,3,Welch LLC,917
 5031,1, Abbott Willms and Skiles ,846 
5032,2,Mante-Mitchell,69
5033,6,Mertz-Koelpin,500
 5034,2, Daniel Dibbert and Dietrich ,992 
 5035,5, Rohan Brekke and Jones ,416 
5036,4,Larson-Braun,876
 5037,3, Homenick Grimes and Johnson ,819 
 5038,3, Koepp Gleason and Abernathy ,394 
5039,3,Bradtke LLC,529
 5040,5, Quigley Yundt and Nikolaus ,610 
5041,5,Hyatt-Hills,787
5042,6,Marvin and Sons,655
 5043,2, Kreiger Bechtelar and Krajcik ,502 
 5044,1, Leffler Shields and McGlynn ,332 
5045,3,Howell and Sons,331
 5046,4, Corkery Mante and White ,749 
 5047,6, Hagenes Borer and Erdman ,299 
5048,1,Gerhold Group,641
5049,6,Baumbach Group,277
5050,1,Wolf Group,95
 5051,2, Wilderman McDermott and Schmeler ,637 
 5052,4, Mosciski Cremin and Lakin ,854 
 5053,5, Nikolaus Bernier and VonRueden ,857 
5054,1,Schoen Inc,908
5055,4,Torp and Sons,15
5056,1,Watsica LLC,74
5057,3,Mohr Group,404
 5058,5, Hansen Glover and Morar ,803 
 5059,2, Feest Gerhold and Gutmann ,105 
5060,2,Bayer Inc,856
 5061,4, Powlowski Botsford and Kirlin ,402 
 5062,3, Berge Lockman and Okuneva ,175 
5063,1,Larson-Bahringer,989
 5064,3, Bradtke Larkin and Crist ,831 
5065,1,Mohr-Emmerich,192
5066,1,Wiza-Bernier,134
5067,2,Murray-Schimmel,701
 5068,3, Kautzer Pfeffer and Donnelly ,817 
 5069,2, Lang Carter and Crona ,563 
5070,4,Rolfson Group,664
 5071,1, Gibson Wolf and Weimann ,732 
5072,6,Schowalter Group,347
5073,5,Pagac-Bergstrom,154
 5074,5, Bashirian Monahan and Kling ,803 
 5075,6, Ruecker Sawayn and Emmerich ,721 
5076,1,Stamm-Nienow,574
5077,4,Barton-Doyle,374
 5078,2, Quitzon Emmerich and Nienow ,411 
 5079,5, Rutherford Casper and Hickle ,966 
 5080,4, Stokes Kreiger and Lind ,930 
5081,2,O'Conner-Abshire,771
5082,6,Mraz-Mosciski,881
5083,3,Feeney and Sons,803
 5084,1, Swift DuBuque and Mertz ,774 
5085,2,Hagenes-Morar,437
5086,2,Tromp LLC,192
5087,6,Johnson Inc,177
5088,3,Moen-Jaskolski,185
5089,1,Weissnat LLC,946
5090,4,Streich-Bergstrom,703
5091,4,Casper-Cartwright,542
5092,2,Weimann and Sons,791
5093,5,Pouros-Lehner,902
5094,3,Hirthe Inc,741
5095,5,Altenwerth-Emmerich,276
5096,3,Roob Inc,408
5097,3,Borer LLC,669
 5098,1, Jenkins Simonis and Labadie ,407 
5099,2,Beahan Group,242
5100,2,Yost-Ritchie,74
5101,1,Labadie-Harris,679
5102,2,Wunsch LLC,689
5103,1,Ziemann-King,283
 5104,3, Nitzsche Wiegand and Friesen ,449 
5105,2,Powlowski and Sons,460
 5106,1, West Homenick and Cremin ,905 
5107,1,Hand and Sons,700
5108,4,Gutmann LLC,121
 5109,3, Ritchie Cummings and Bahringer ,497 
 5110,1, Nikolaus Connelly and West ,892 
 5111,1, Dach Kilback and Reichel ,964 
5112,4,Ledner Inc,305
 5113,2, Bogisich Ritchie and Connelly ,268 
5114,6,Krajcik Group,644
5115,5,Mueller Group,824
5116,4,Wisoky-McLaughlin,988
 5117,2, Corkery Pouros and Murazik ,691 
5118,4,Hyatt-Roberts,997
 5119,6, Daugherty Johnston and Marks ,427 
5120,4,Russel-Denesik,358
5121,3,McGlynn and Sons,384
5122,3,Koch-Gislason,655
5123,3,Buckridge Inc,942
5124,2,Schimmel-Treutel,78
5125,5,Kohler and Sons,107
5126,5,Okuneva-Herzog,724
5127,2,MacGyver-Schimmel,668
 5128,1, Wiza Rohan and Dach ,808 
 5129,3, Mohr Wunsch and Harvey ,20 
 5130,1, O'Conner Dicki and Flatley ,373 
 5131,4, Gorczany Gleichner and Zieme ,479 
5132,2,Rempel Inc,322
5133,5,Dach-Ritchie,655
5134,1,Wiegand Inc,529
 5135,4, Tromp Ruecker and McCullough ,250 
 5136,4, Beatty Towne and Mueller ,305 
5137,6,Bosco-Gutkowski,907
5138,4,Schoen-Terry,454
5139,3,Grimes Inc,950
 5140,6, McClure Roberts and Jones ,385 
5141,4,Marvin Group,63
5142,4,Bergstrom-Abshire,175
 5143,4, Nienow Runolfsdottir and Gottlieb ,226 
5144,1,Kunde-O'Kon,300
5145,2,Purdy Group,101
5146,5,Marks-Kessler,922
 5147,2, Spencer Greenholt and Gleichner ,825 
 5148,2, Jacobson Johnston and Yundt ,917 
5149,5,Lind-VonRueden,488
5150,2,Koepp-Watsica,477
5151,4,Reynolds-Hilpert,407
5152,3,Bogisich LLC,201
5153,6,Powlowski-Russel,998
 5154,6, Ebert Gleason and Sporer ,652 
5155,5,Bartell Inc,403
5156,4,Altenwerth-Kassulke,579
5157,6,Hammes Inc,379
5158,3,Mosciski-Luettgen,314
 5159,2, Rath Kovacek and White ,67 
 5160,5, Lehner Larkin and Frami ,390 
 5161,1, Dooley Dare and Bins ,341 
 5162,6, Farrell Carter and Barton ,568 
5163,3,Ritchie Group,394
5164,2,Nicolas Group,297
5165,5,Grady-Schneider,259
 5166,6, Schoen Keebler and Hoppe ,23 
 5167,3, Daugherty Veum and Huel ,932 
5168,5,Abshire Inc,204
 5169,2, Bradtke Lebsack and Heathcote ,664 
 5170,1, Hilpert Glover and Boyer ,47 
 5171,1, Gleason Donnelly and Monahan ,720 
 5172,6, O'Conner Jenkins and Feest ,427 
 5173,4, Nitzsche Schamberger and Walker ,652 
5174,6,Crist and Sons,912
5175,2,Kilback LLC,918
 5176,6, Miller Abernathy and Quigley ,872 
5177,5,Metz and Sons,818
5178,4,Considine and Sons,866
 5179,6, Kuhn Howell and Heller ,357 
 5180,3, Hahn Krajcik and Connelly ,826 
5181,6,Blick-Veum,163
 5182,1, Bashirian Padberg and Stark ,250 
5183,6,Crona Group,789
 5184,1, Rowe Ledner and Ankunding ,894 
 5185,1, Feil Zulauf and Hansen ,16 
5186,4,Hegmann Inc,902
5187,3,Dooley-Brown,945
5188,4,Waters-Altenwerth,589
 5189,6, Cruickshank Torphy and Reinger ,914 
 5190,3, Stokes Bogisich and Fahey ,785 
5191,4,Anderson-Bahringer,687
 5192,6, Bernier Schaden and Aufderhar ,432 
5193,3,Wilkinson-Rippin,465
5194,3,Howe Group,18
5195,3,Collins-Pfannerstill,215
5196,2,Gerlach-Witting,112
5197,6,Greenholt-Gulgowski,878
5198,6,Ankunding and Sons,970
5199,2,Mohr Group,559
 5200,5, Heller Balistreri and Hartmann ,94 
5201,4,Jacobi and Sons,368
 5202,3, Weber Ziemann and Rolfson ,83 
 5203,5, Leffler Adams and Hoppe ,474 
 5204,1, Buckridge Marquardt and Davis ,23 
5205,3,Feil and Sons,883
5206,2,Torphy LLC,262
 5207,1, Marquardt Walsh and Blick ,355 
 5208,5, Prohaska Ullrich and Hudson ,163 
 5209,3, Hauck Cormier and Murazik ,724 
5210,6,Klocko LLC,96
 5211,3, Heller Schmidt and Hessel ,339 
5212,3,Fisher LLC,545
5213,4,Wiza-Considine,348
5214,3,Ritchie-Weimann,800
5215,1,Senger Group,269
 5216,6, O'Conner Tremblay and Schultz ,809 
5217,3,Barton-Okuneva,941
 5218,1, Walsh Shanahan and Considine ,938 
5219,2,Gorczany LLC,296
5220,1,O'Kon-Hammes,401
 5221,2, Bahringer Strosin and Nader ,110 
 5222,6, Maggio Douglas and Kunze ,513 
5223,2,Fritsch-Johns,207
5224,4,Kautzer-Block,222
 5225,2, Volkman Schroeder and Parker ,792 
5226,5,Reichel-O'Conner,459
 5227,4, Hartmann Gulgowski and Zieme ,782 
5228,2,Wunsch and Sons,331
 5229,4, Walker Gutmann and Frami ,973 
5230,6,Welch-Balistreri,225
5231,1,McGlynn and Sons,815
5232,4,Shields-Heaney,945
5233,3,Brakus-Ritchie,216
 5234,6, Medhurst Grady and Thiel ,417 
5235,3,Hammes and Sons,864
5236,2,Hills and Sons,611
 5237,2, Luettgen Kertzmann and Moore ,304 
5238,5,Padberg-Heller,755
5239,5,Greenholt LLC,261
5240,5,Grady LLC,344
 5241,5, Bergstrom Pollich and Welch ,958 
5242,6,Kuhlman LLC,521
 5243,1, Bogisich Senger and Donnelly ,493 
 5244,3, Rogahn Konopelski and Mills ,875 
5245,6,Nienow Group,442
 5246,1, Reinger Stokes and Rath ,986 
 5247,1, Koelpin Frami and Hammes ,788 
 5248,6, Zemlak Becker and Altenwerth ,137 
5249,6,Fritsch-Will,411
 5250,6, Rempel Crona and Gleichner ,429 
 5251,6, Lang Dickens and Douglas ,976 
 5252,5, Wolff Rohan and Reilly ,242 
5253,2,Wolf and Sons,673
5254,4,Harris-Haley,773
 5255,4, Murazik Paucek and Mann ,369 
5256,2,Nienow-Schamberger,641
 5257,4, Weimann McCullough and Lynch ,804 
5258,2,Reilly-Auer,270
5259,2,Ernser-Crooks,755
5260,3,Smith-Toy,738
5261,4,Rowe-Hintz,316
5262,5,Jacobi Group,225
5263,6,Cartwright-Sauer,456
5264,4,Williamson-Kozey,529
5265,6,Heidenreich-Balistreri,950
5266,3,Durgan LLC,402
 5267,1, Cummings Murphy and Ratke ,433 
5268,6,Senger LLC,815
 5269,5, Daniel Schmeler and Jacobi ,773 
5270,1,Buckridge and Sons,672
5271,5,Bruen-Cremin,663
 5272,5, Effertz Quitzon and Zieme ,333 
5273,1,Bernier-Ritchie,932
5274,1,Haley LLC,893
5275,6,Kohler-Weissnat,812
 5276,6, Braun Schiller and O'Keefe ,267 
5277,4,Daugherty-Johnston,219
 5278,6, Miller Wolf and Volkman ,253 
5279,3,Kreiger-Johnston,567
5280,2,Considine-Corkery,397
5281,2,Spencer and Sons,792
 5282,5, Swaniawski Emmerich and Johnson ,308 
5283,6,Franecki-Collins,490
5284,5,Rutherford Inc,300
5285,2,Lockman LLC,867
5286,5,Marks Inc,818
5287,2,Buckridge Group,961
5288,2,Pfannerstill Inc,913
 5289,3, Steuber Sipes and Kovacek ,766 
5290,2,Hintz-Jacobi,850
5291,5,Farrell-Price,429
 5292,2, Walter Stiedemann and Bauch ,490 
5293,3,Nienow-Schmitt,878
5294,3,Padberg and Sons,391
5295,5,Dicki-Rosenbaum,915
5296,3,Collins-Lockman,931
5297,3,Johnston Inc,982
5298,6,Mills-Turner,584
 5299,5, Watsica Walter and Price ,930 
5300,5,Doyle-Bednar,18
5301,6,Cole Inc,737
5302,6,Witting LLC,271
5303,4,Luettgen-Weber,940
5304,4,Rempel Group,713
5305,2,Skiles-Doyle,8
5306,6,Hackett-Carroll,998
5307,5,Schumm Group,849
 5308,2, Macejkovic Hagenes and Simonis ,946 
 5309,4, Runolfsdottir McLaughlin and Barrows ,1 
 5310,5, Hettinger Kuhlman and Heidenreich ,432 
5311,1,Mitchell-Schowalter,949
5312,3,Olson LLC,312
 5313,1, Klein Bradtke and Kutch ,204 
 5314,2, Schumm Macejkovic and Lesch ,254 
5315,2,Williamson-Cruickshank,676
5316,3,Stokes Inc,559
 5317,2, Buckridge Maggio and Glover ,979 
 5318,3, O'Connell Nader and Pagac ,259 
 5319,4, Daugherty Little and Fadel ,978 
5320,2,Tillman Group,569
 5321,2, McKenzie Kuphal and Hamill ,176 
5322,4,Dibbert-Gutkowski,644
 5323,5, Klocko Considine and Pfeffer ,1000 
 5324,6, Glover Metz and Hermiston ,806 
5325,4,Schultz-Powlowski,587
 5326,3, Paucek Dooley and Abshire ,495 
5327,1,Homenick Inc,293
 5328,6, Kozey Renner and Roob ,833 
5329,5,Tromp Group,397
 5330,4, Denesik VonRueden and Wintheiser ,700 
 5331,2, O'Keefe Williamson and Streich ,527 
5332,3,Stehr-Shields,597
5333,6,Marvin-Stiedemann,274
 5334,3, Doyle Simonis and Bernier ,150 
5335,1,Ankunding and Sons,322
 5336,3, Schmeler Heidenreich and Grimes ,321 
5337,5,Cormier Inc,401
5338,1,Yundt Inc,165
 5339,2, Barton O'Hara and Ledner ,64 
 5340,1, Botsford Stehr and Bahringer ,713 
5341,4,Tillman LLC,629
 5342,2, Kshlerin Crona and Rohan ,584 
 5343,6, Goldner Feest and Morissette ,301 
5344,1,Keebler LLC,191
5345,1,Feest Group,598
 5346,1, Cummerata Quitzon and Jones ,792 
5347,5,Bauch Inc,641
5348,4,Gibson LLC,901
5349,5,Schmitt-Kirlin,488
5350,4,DuBuque-Corkery,114
 5351,2, Legros Labadie and Brekke ,449 
 5352,1, Bashirian Bergnaum and Wuckert ,174 
5353,3,Ortiz LLC,596
5354,6,Walker-Ferry,445
 5355,5, Lang Kertzmann and Bechtelar ,421 
5356,5,Jacobs and Sons,986
5357,6,Heidenreich LLC,270
 5358,3, Reichel O'Kon and Kohler ,973 
5359,2,Hoppe-Kreiger,242
5360,3,Hettinger and Sons,415
5361,5,Hoppe and Sons,858
5362,5,Runte-Kub,363
 5363,6, Walsh Medhurst and Daugherty ,81 
 5364,5, Spencer Abbott and Powlowski ,299 
5365,5,Rowe-Haley,760
 5366,4, Haag Hessel and Bins ,473 
 5367,3, Huel Moen and Bergstrom ,942 
5368,4,Schuster Inc,844
5369,5,Wintheiser LLC,620
5370,3,Wolff-Tillman,525
5371,5,Tromp-Schulist,361
 5372,4, Kuhlman Osinski and Prohaska ,49 
5373,6,Daugherty-Hansen,197
5374,1,Will-Kilback,268
5375,2,Stark LLC,133
5376,3,Schneider-Blanda,645
 5377,5, Lockman O'Keefe and Kessler ,895 
 5378,2, Terry Ullrich and Parker ,73 
5379,4,Kulas and Sons,1
5380,5,Hammes-O'Keefe,442
5381,3,Yost LLC,683
 5382,2, Ward Schumm and Pagac ,593 
 5383,6, Doyle Wintheiser and Sauer ,771 
5384,1,Dickinson Inc,746
5385,1,Wehner Inc,534
5386,1,Mann-Zboncak,599
 5387,6, Kemmer Kuphal and Langworth ,962 
5388,1,Sanford Group,180
 5389,6, Reilly O'Connell and Little ,60 
 5390,3, Blanda Hirthe and Feil ,366 
5391,2,Jacobson-Denesik,941
 5392,3, Yundt Glover and Monahan ,434 
5393,2,Wolff Group,586
5394,6,Mohr-Treutel,66
 5395,3, Spinka Larson and Senger ,132 
5396,5,Kihn and Sons,335
5397,4,Reichert LLC,943
5398,6,Braun and Sons,333
5399,1,Padberg-Johnston,539
 5400,3, Wolff Moen and Schamberger ,292 
5401,6,Will Group,196
5402,6,Dach LLC,44
 5403,6, Sanford Langosh and Tremblay ,250 
5404,5,Bednar-Glover,97
5405,3,Rowe Inc,325
 5406,2, Abernathy Hartmann and Ortiz ,535 
5407,1,Schmidt Group,836
 5408,2, Kulas Nicolas and Gleichner ,637 
5409,4,Sawayn-Langosh,901
5410,6,Green Group,80
5411,3,Anderson LLC,654
5412,3,Dickens Inc,175
5413,5,Schoen Inc,545
5414,3,Denesik-Upton,185
5415,6,Buckridge-Crona,369
 5416,2, Brown Mills and Hilpert ,357 
 5417,1, Robel Kassulke and Kertzmann ,181 
 5418,5, Moen Medhurst and Hermann ,466 
5419,6,Kuvalis Inc,66
 5420,3, Heaney Schuster and Casper ,232 
5421,5,Kertzmann-Boehm,236
5422,5,Dare-Oberbrunner,490
 5423,3, Becker Crona and Rippin ,272 
 5424,1, VonRueden Gibson and Little ,396 
5425,3,O'Conner Group,102
5426,2,Dickens Group,211
5427,1,Spencer and Sons,271
 5428,1, Kuhn Lindgren and Collins ,893 
 5429,1, Goodwin Grant and Konopelski ,50 
5430,2,Volkman-Kunde,374
5431,1,Wunsch Inc,492
5432,5,Schuster-Hagenes,463
5433,4,Collins-Tremblay,195
 5434,2, Rath Ziemann and West ,74 
5435,5,Kassulke Inc,286
5436,3,Schimmel-Lehner,939
5437,1,Schiller-Carter,30
5438,2,Schneider LLC,297
5439,4,Kerluke-Miller,22
5440,6,Welch-Von,188
5441,6,Marks-Murray,823
5442,6,Lesch-Labadie,316
 5443,3, King Stroman and O'Keefe ,670 
5444,5,Kulas-Roob,639
5445,6,Rath-Walsh,135
 5446,2, Harvey Blanda and Brakus ,445 
5447,5,Schulist Group,128
5448,6,Greenholt-Metz,671
5449,3,Orn Inc,139
5450,1,Stiedemann-Kling,778
5451,3,Mann-Lind,296
5452,6,Gulgowski-Schroeder,149
 5453,6, Dooley Quitzon and Crist ,874 
5454,1,Miller LLC,845
 5455,1, Cassin Walsh and Fisher ,362 
5456,6,Rau LLC,145
 5457,3, Wintheiser Lesch and Rodriguez ,408 
 5458,3, Hills Bruen and Bechtelar ,981 
5459,4,Emmerich and Sons,556
5460,5,Quitzon-Bode,64
 5461,3, Collier Gerhold and Kessler ,21 
 5462,3, Eichmann Bailey and Gulgowski ,309 
5463,5,Dach-Bailey,942
5464,3,Eichmann-Walsh,89
 5465,3, Auer Kovacek and Flatley ,479 
5466,5,Kassulke and Sons,317
5467,6,Pacocha-Marvin,913
5468,1,Graham-Harber,635
 5469,6, Heaney Hodkiewicz and Dietrich ,693 
5470,4,Johnston Inc,341
 5471,4, Mohr West and Feeney ,378 
5472,4,McClure-Gleason,516
5473,4,Thompson and Sons,215
 5474,5, Brown Crist and Metz ,532 
5475,2,Harber Group,55
 5476,5, Lueilwitz Barrows and Sipes ,284 
5477,4,Considine Group,634
5478,1,Ankunding-Wisozk,426
5479,6,Mraz-Rodriguez,687
 5480,5, Windler Hermiston and Quigley ,614 
5481,3,Bayer LLC,666
 5482,3, Huel Douglas and Eichmann ,405 
 5483,4, Hansen Wuckert and Erdman ,730 
5484,2,Koelpin-Schamberger,789
5485,2,Schinner-Johnson,484
5486,2,Baumbach Group,312
 5487,5, Jacobi Bradtke and Hilll ,809 
5488,5,Ledner-Kuhlman,334
 5489,4, Botsford Heidenreich and Kris ,935 
5490,3,Herman-Emard,444
 5491,2, Gerhold Grimes and Hudson ,168 
5492,1,Towne-Bins,915
 5493,5, Lueilwitz Lynch and Gorczany ,411 
5494,1,Kulas-Willms,178
 5495,1, McClure Bosco and Jakubowski ,490 
 5496,1, Kilback Kautzer and Homenick ,522 
5497,6,Effertz-Hudson,737
5498,6,Dietrich and Sons,429
 5499,3, Marvin Kulas and Hoeger ,508 
5500,2,Johns and Sons,91
5501,3,McDermott-Halvorson,384
5502,2,Koepp LLC,140
5503,4,Hayes Group,819
5504,5,Kunde-Stiedemann,862
5505,5,Champlin-Volkman,941
5506,1,Baumbach-Conroy,142
5507,3,Leuschke LLC,12
5508,3,Aufderhar-Howell,13
5509,5,Bahringer Group,884
5510,6,Brakus-Bayer,994
5511,4,Stroman and Sons,701
5512,6,Stokes Inc,935
 5513,5, Corwin Kuvalis and Hahn ,527 
5514,6,Schiller-Quitzon,157
5515,2,Shields and Sons,588
5516,1,O'Reilly Group,318
5517,4,Rodriguez Inc,242
 5518,4, Wisoky Langosh and Muller ,949 
5519,4,MacGyver-Leuschke,451
 5520,5, Ward Cummerata and Gottlieb ,649 
5521,4,Boehm-Beer,751
 5522,5, Harvey Jaskolski and Nicolas ,203 
 5523,6, Cole Dicki and Jacobs ,217 
5524,5,Nienow LLC,77
5525,6,Lockman Inc,68
5526,3,Huel-Sanford,565
 5527,2, Swaniawski Lind and Howell ,925 
5528,3,Fay Group,978
 5529,2, Dibbert D'Amore and Gerhold ,997 
5530,3,McLaughlin-Roob,290
5531,5,Stanton-Yost,157
5532,4,Doyle-Predovic,936
 5533,5, Fay Lesch and VonRueden ,40 
5534,3,Mohr Group,990
 5535,1, Schamberger Kessler and Hickle ,213 
 5536,1, Predovic Lemke and Hane ,124 
 5537,6, Hermann Lindgren and Smith ,903 
5538,4,Schuster-Towne,603
5539,5,Jacobi-Padberg,879
 5540,5, Witting Gislason and Effertz ,698 
5541,1,Ratke-Erdman,555
 5542,1, Tillman Herzog and Cummings ,64 
5543,2,Paucek Inc,567
 5544,3, Bogan Weissnat and Pollich ,219 
 5545,4, Monahan Monahan and Hand ,653 
5546,6,Conn-Stoltenberg,92
5547,1,Abbott and Sons,609
5548,5,Balistreri-Eichmann,511
5549,4,Runolfsdottir and Sons,134
 5550,1, Lind Monahan and Connelly ,530 
 5551,1, Kris Bartoletti and Wilderman ,630 
 5552,6, Rosenbaum Hegmann and Zemlak ,152 
5553,6,Kerluke Group,274
5554,1,Paucek-Marvin,314
 5555,2, Herzog King and Johnson ,896 
5556,1,Price-Konopelski,813
5557,2,Ledner Inc,910
 5558,2, Murray Kshlerin and Herzog ,463 
5559,2,Nader-Robel,165
5560,4,Crooks and Sons,234
5561,2,Littel Inc,374
5562,2,Haag Group,170
5563,1,Schuster Group,174
5564,2,Schultz Group,930
 5565,6, Russel Buckridge and Veum ,442 
 5566,6, Tromp Legros and Glover ,118 
5567,5,Fisher-Roob,719
 5568,1, Larkin Howell and Goyette ,608 
 5569,5, Wiegand Hettinger and Paucek ,515 
5570,1,Rogahn LLC,11
5571,6,Heathcote-Smith,110
5572,5,Shields Group,629
5573,6,Rempel Inc,20
 5574,6, Green Wilkinson and Greenholt ,533 
5575,3,O'Keefe-Conroy,165
5576,1,Hilll-Lesch,748
 5577,1, Bartell VonRueden and Dickens ,430 
5578,3,Schulist-Bins,961
 5579,2, Daniel Grady and Spinka ,521 
5580,4,Hamill-Lang,74
 5581,1, Torphy Fay and Kiehn ,680 
5582,3,Legros Inc,824
5583,2,Gerhold-Tillman,909
5584,6,Collier-Christiansen,721
5585,6,Nitzsche-Buckridge,619
5586,2,Roberts and Sons,411
5587,5,Bednar Inc,976
5588,5,Bartell Inc,246
5589,2,Leannon-Kshlerin,12
 5590,4, Rutherford Nader and Schimmel ,883 
5591,5,Haley-Koelpin,675
 5592,4, Prosacco Hickle and Schuster ,953 
 5593,3, Grant Blanda and Emard ,547 
5594,6,McCullough-Rohan,739
 5595,3, Wintheiser Kub and Howell ,307 
 5596,3, Auer Jacobson and Stroman ,788 
5597,5,Kertzmann-Fadel,177
5598,5,Durgan Group,273
5599,1,Gulgowski Group,766
5600,6,Daugherty-Turner,841
5601,4,Johnston LLC,892
 5602,5, Kessler Becker and Altenwerth ,242 
5603,5,Aufderhar Inc,946
 5604,6, Klein Wolf and Friesen ,118 
5605,4,Quigley-Vandervort,242
5606,4,Ritchie and Sons,412
5607,2,Vandervort and Sons,645
5608,3,Quigley-Dickens,603
 5609,3, Schulist Hermann and Skiles ,782 
5610,4,Kuvalis-Vandervort,245
 5611,5, Lebsack McClure and Gleason ,267 
5612,3,Reinger-Kling,344
 5613,4, Fisher Balistreri and Kirlin ,805 
5614,6,Stoltenberg LLC,289
5615,4,Hagenes-Gerlach,7
 5616,2, Kub Roberts and Williamson ,573 
5617,2,Boyle Group,492
5618,5,Kuhic-Reichel,653
5619,6,Williamson-Walsh,315
 5620,6, Walsh Gerhold and Heller ,214 
5621,2,Towne-Russel,526
 5622,1, Steuber Quitzon and Reilly ,123 
5623,2,Walsh-Jacobi,942
5624,3,Kirlin-Predovic,302
 5625,2, Hoppe Kessler and Wolf ,873 
 5626,3, O'Kon DuBuque and Schoen ,413 
 5627,1, Cronin Koss and Keeling ,455 
5628,1,Murphy-Bogan,543
 5629,4, Lemke Ebert and Heathcote ,472 
5630,1,Homenick-Lakin,636
5631,4,Bogisich-Murphy,898
5632,6,Dooley-Schultz,607
5633,6,Koss Inc,802
5634,4,Mante-Rutherford,636
5635,5,Emard and Sons,347
 5636,5, Kreiger Rogahn and Gleason ,652 
5637,3,Bode-Hartmann,609
5638,6,Franecki Inc,399
 5639,2, Huel Champlin and Raynor ,672 
5640,4,Ortiz-Collins,262
5641,5,Lakin-McLaughlin,339
 5642,5, Keebler Legros and McCullough ,13 
5643,4,Senger-Kilback,268
5644,2,Lockman-Jenkins,113
 5645,5, Hirthe Cronin and Bauch ,847 
5646,3,Weber-Gibson,578
5647,1,Rice and Sons,243
5648,4,Aufderhar-Grant,885
5649,2,Prosacco LLC,962
 5650,4, Kuhn Kohler and Crooks ,267 
 5651,2, Carroll Fisher and Buckridge ,199 
5652,3,Gerlach-Skiles,912
5653,2,Schuppe-Lang,998
 5654,6, Lockman Daniel and Beer ,723 
 5655,1, Rice Quigley and Douglas ,898 
5656,5,Towne-Bauch,339
5657,1,Anderson-Grant,637
5658,4,Vandervort-Stokes,449
5659,3,Mills and Sons,880
 5660,4, Bode Barton and Friesen ,437 
5661,3,Wilderman-Walter,151
5662,1,Ratke-Heathcote,485
 5663,4, Conroy Denesik and Krajcik ,193 
5664,1,Kozey-Gerhold,130
 5665,1, Schmitt Purdy and Lindgren ,43 
 5666,4, Hettinger Parisian and Cruickshank ,707 
5667,5,Gleichner-King,449
5668,2,Russel-Dare,7
 5669,6, Auer O'Kon and Simonis ,232 
 5670,1, O'Reilly Cole and Pacocha ,54 
 5671,1, Littel Nolan and Effertz ,942 
 5672,5, Schiller Hauck and Leuschke ,115 
5673,5,Bosco-Hickle,426
5674,2,Waelchi and Sons,587
5675,1,Terry-Nitzsche,732
 5676,6, Bergstrom Hoeger and Stehr ,269 
5677,4,Kozey Inc,664
5678,6,Legros-Blanda,260
5679,6,Ortiz-Towne,128
5680,6,Shanahan Inc,582
5681,4,Kohler-Rippin,847
5682,1,Funk Group,839
5683,6,Wuckert LLC,149
5684,5,Hane and Sons,303
 5685,6, Braun Boyer and Hauck ,574 
5686,3,Parisian Inc,914
5687,3,Pfeffer-Runolfsdottir,617
5688,3,Doyle and Sons,481
5689,1,Will-Smith,305
5690,1,Ryan-Weimann,905
5691,6,Bradtke-Spinka,616
 5692,5, Bartoletti Champlin and Leffler ,363 
5693,2,Metz-Rodriguez,722
 5694,5, Marquardt Jacobi and Balistreri ,513 
 5695,1, Schmeler Legros and Schoen ,2 
 5696,2, Frami Muller and Daniel ,822 
5697,1,Hessel-Waelchi,69
5698,5,Hane-Luettgen,744
5699,2,Dietrich Inc,272
 5700,5, Dooley Braun and Nitzsche ,805 
5701,6,Rohan LLC,735
 5702,2, Wyman Abernathy and Kub ,747 
5703,3,Armstrong-Williamson,874
5704,4,Ebert-Stark,170
 5705,2, Streich Rohan and Yost ,661 
 5706,4, Shields Bednar and Feil ,453 
5707,1,Rosenbaum-Greenholt,127
5708,6,Daniel-Windler,389
5709,1,Medhurst-Jacobs,573
5710,3,Stracke-McGlynn,753
5711,2,Nikolaus-Fahey,805
 5712,4, Ondricka Hills and Dibbert ,832 
 5713,6, Robel Heathcote and Lakin ,69 
 5714,6, Grady Vandervort and McLaughlin ,774 
5715,5,Raynor-Bahringer,937
5716,2,Hermann-Corkery,176
 5717,3, Lind Spencer and Kemmer ,391 
5718,4,MacGyver LLC,766
 5719,6, Schimmel Pfeffer and Trantow ,175 
5720,4,Vandervort Group,811
5721,4,Lueilwitz and Sons,598
5722,5,Yundt Group,878
5723,2,Boehm and Sons,482
 5724,6, Ziemann Schoen and Parisian ,392 
 5725,3, Hermann Cremin and Bernhard ,40 
5726,1,Miller LLC,593
 5727,1, Nicolas Becker and Hayes ,631 
5728,6,Rolfson-Kemmer,496
5729,6,Walker-Hintz,46
5730,5,Bergstrom-Steuber,2
5731,4,Gerhold Inc,94
5732,1,Kemmer LLC,709
 5733,1, Kutch Schowalter and Bartoletti ,211 
 5734,1, Schmeler Strosin and Padberg ,812 
5735,2,White-Collier,653
5736,1,Dooley and Sons,831
5737,4,Gottlieb-Christiansen,640
 5738,1, Champlin Gerlach and Grant ,220 
5739,1,Kuhlman-McDermott,635
5740,1,Koch and Sons,842
 5741,6, Steuber Pagac and D'Amore ,1000 
5742,4,Braun and Sons,354
5743,2,Fisher-Rempel,267
 5744,2, Smitham Becker and Reilly ,531 
5745,6,Stiedemann-Huels,47
 5746,5, Price Wilderman and Lind ,489 
5747,2,Nader LLC,196
5748,1,Collins and Sons,103
5749,4,Smitham and Sons,638
5750,1,Rempel-Hagenes,749
5751,2,Cole LLC,7
 5752,1, Bauch McCullough and Russel ,830 
5753,5,Langosh-Kuphal,418
 5754,1, Renner Walter and Rutherford ,327 
 5755,2, West Huel and Mueller ,318 
 5756,1, Gusikowski Nikolaus and Schowalter ,257 
 5757,3, Wehner Hirthe and Mann ,408 
5758,2,Hickle-Rogahn,124
5759,3,Gutkowski-Schmeler,633
 5760,6, Corwin Reilly and Hauck ,895 
 5761,5, Zieme Mills and Treutel ,76 
 5762,6, Haag Schamberger and Pouros ,674 
5763,5,Osinski-O'Hara,263
5764,5,King-Rolfson,587
5765,1,Wolff-Terry,219
5766,4,Reichel Group,237
5767,5,Mitchell-McLaughlin,658
5768,1,Reilly-Kuvalis,580
5769,4,Olson-Simonis,388
5770,2,Runolfsdottir-Daniel,476
5771,2,Grady LLC,193
5772,1,Smitham-Schroeder,293
 5773,6, Wolf Crooks and Osinski ,917 
5774,5,Bartell Group,246
5775,6,Keeling Group,527
5776,2,Emmerich LLC,842
 5777,2, Mraz Larkin and Sipes ,506 
5778,5,Altenwerth-Aufderhar,519
5779,5,Grady-Beahan,529
 5780,5, Sauer Schoen and Moen ,792 
5781,3,Champlin LLC,956
5782,1,Koss-Douglas,251
 5783,6, Ritchie Nitzsche and Kunze ,986 
5784,2,Klocko Group,244
5785,5,Murphy-Harris,989
5786,6,Maggio Group,231
 5787,2, Welch D'Amore and Cruickshank ,612 
5788,2,Douglas-Larson,563
 5789,1, DuBuque Balistreri and Murphy ,382 
5790,4,Robel Group,298
 5791,6, Bogan Gislason and Veum ,299 
 5792,1, Gaylord Kub and Wiegand ,644 
5793,4,Padberg LLC,510
5794,2,Kilback-Hartmann,623
5795,5,Predovic and Sons,546
5796,5,Koss Group,31
 5797,6, Ortiz Mayert and Kunze ,295 
 5798,6, Brakus Dietrich and Lubowitz ,463 
 5799,6, Okuneva Quigley and Cummings ,912 
5800,4,Wyman-Gorczany,336
5801,1,Gulgowski-Rodriguez,573
5802,4,Feil-Schmitt,366
5803,4,Turner LLC,720
5804,6,Monahan Inc,150
 5805,4, Barrows Dibbert and Kautzer ,245 
5806,4,Fay LLC,304
 5807,4, Zboncak Bernier and Swaniawski ,937 
5808,2,Zieme LLC,663
5809,2,Zemlak LLC,604
5810,2,Pfannerstill-Corkery,326
 5811,4, Rosenbaum Ferry and Mohr ,551 
5812,4,Dickens and Sons,557
 5813,5, Emmerich Nader and Dickinson ,431 
5814,5,Balistreri Inc,303
 5815,3, Bednar Abernathy and Schuppe ,77 
 5816,6, Harvey Schulist and Luettgen ,319 
5817,1,Hirthe-Schaden,515
 5818,6, Gottlieb Cronin and Collier ,332 
5819,4,Walker-Volkman,984
5820,5,Hilpert LLC,196
5821,1,Hilll-Smitham,751
5822,5,Koelpin-Weimann,301
 5823,3, Klein Lehner and Trantow ,142 
 5824,3, Hackett Kuhlman and Altenwerth ,835 
 5825,3, Davis Pollich and Wehner ,213 
5826,5,Nikolaus and Sons,793
 5827,3, Streich Harvey and Legros ,696 
 5828,4, Veum Towne and Harber ,735 
5829,5,Corkery-Ebert,779
5830,6,Lakin-Schroeder,724
5831,5,Bailey Inc,612
5832,2,Hilpert and Sons,468
5833,4,King-Wilkinson,732
 5834,4, Pfeffer Hoeger and Erdman ,486 
5835,3,Gutmann-Harris,918
5836,1,Daniel-Hackett,317
 5837,1, Reilly Kulas and Toy ,578 
5838,5,Wehner Inc,336
5839,1,Donnelly-Lebsack,961
5840,6,Parker Group,431
5841,5,Lowe-Funk,40
5842,4,Zboncak-O'Kon,162
5843,3,Steuber-Huels,295
5844,3,Welch Group,335
5845,1,Wisoky-Walker,229
5846,5,Schulist-Rowe,30
5847,1,Greenholt LLC,174
5848,5,Toy-Smitham,500
5849,1,Schuster-Murazik,723
5850,6,Schmeler-Wolf,949
 5851,1, Robel Abbott and Rosenbaum ,65 
5852,4,Schaden-Ortiz,739
5853,3,Parisian-Jacobson,735
5854,4,Kuvalis-White,886
5855,1,Huels and Sons,564
5856,3,Reinger Inc,712
 5857,5, Marks Heaney and Jast ,143 
5858,2,Aufderhar-Flatley,685
5859,4,Kirlin-Sporer,856
 5860,5, Sanford Moore and Schuppe ,735 
5861,1,Leannon Group,493
5862,3,Dickinson LLC,682
5863,4,Harris Inc,450
5864,3,Lueilwitz-Wuckert,318
5865,4,Koelpin Inc,709
5866,3,D'Amore-Schiller,380
5867,3,O'Kon LLC,988
5868,6,Hahn and Sons,327
5869,4,Bednar Inc,247
5870,1,Rohan-Howe,969
 5871,3, Miller Graham and Dare ,668 
5872,3,Wilkinson-Kris,530
 5873,6, Keeling Paucek and Schneider ,4 
5874,4,Dickens Inc,598
5875,5,Wiza-Romaguera,870
5876,5,Denesik and Sons,124
 5877,6, Lockman Gislason and McKenzie ,43 
5878,4,Medhurst-Quigley,712
5879,1,O'Keefe-Bauch,127
 5880,5, Lockman Schroeder and Zboncak ,99 
 5881,4, Roob Brakus and Lind ,971 
5882,5,Gusikowski and Sons,751
 5883,2, Mosciski Kemmer and Franecki ,580 
5884,6,Johnson-Cormier,529
5885,4,Vandervort-Ankunding,322
5886,4,Grady-Glover,402
5887,1,Emmerich Inc,600
 5888,4, Baumbach West and Dooley ,742 
5889,2,Wilkinson-Hodkiewicz,928
 5890,4, Harris Hackett and McClure ,345 
 5891,1, Ernser O'Keefe and Oberbrunner ,508 
5892,4,Carroll-Herman,677
5893,4,McCullough Inc,740
5894,1,Shanahan-O'Hara,340
 5895,5, Zemlak Lemke and Kutch ,698 
5896,5,Dare Inc,990
5897,3,Murazik and Sons,325
 5898,2, Green King and Toy ,873 
 5899,1, Rempel Batz and Towne ,822 
5900,3,Bednar-O'Reilly,595
5901,6,Kuhn-Wintheiser,235
5902,1,Ullrich-Pollich,464
5903,1,Gibson-Sanford,618
 5904,6, Bernhard Roob and Crona ,32 
5905,4,Grady-Pacocha,881
 5906,4, Douglas Anderson and Labadie ,602 
 5907,6, Stark Heathcote and Fisher ,278 
 5908,6, Hills Lindgren and Kilback ,814 
 5909,3, Green Maggio and Fay ,665 
 5910,4, Stark Treutel and Ryan ,963 
5911,2,Hagenes-Gutkowski,140
 5912,3, Kiehn Parker and Brown ,996 
5913,3,Boyer-Gerlach,469
 5914,5, Hoeger O'Reilly and Harber ,840 
 5915,1, Oberbrunner O'Keefe and Brakus ,8 
 5916,4, Erdman Goyette and Koch ,675 
 5917,5, Fritsch Stroman and Runolfsson ,991 
5918,1,Flatley and Sons,782
5919,2,Murphy-Rosenbaum,2
 5920,5, Batz Bruen and Borer ,450 
5921,6,Paucek-Schumm,747
 5922,2, Orn Hammes and Bruen ,625 
 5923,3, Bartoletti Fahey and Pfannerstill ,859 
 5924,5, Hammes Block and DuBuque ,188 
5925,2,Pouros LLC,631
5926,6,Gibson and Sons,588
 5927,2, Bailey Bechtelar and Turner ,159 
 5928,6, Lindgren Beahan and Hermann ,774 
5929,4,Stiedemann-Nikolaus,841
5930,3,Kulas-Nicolas,364
 5931,4, Howell Kuhlman and Yost ,208 
5932,4,Windler LLC,547
 5933,1, Langworth Schiller and Turner ,802 
5934,2,Mraz-Champlin,248
5935,4,Hermann-Herman,348
5936,3,Heaney-Nolan,279
5937,6,Donnelly-Lockman,7
5938,3,Buckridge Group,9
5939,3,Luettgen-Hintz,258
 5940,2, Rohan Raynor and Bosco ,633 
5941,1,Lueilwitz LLC,587
5942,6,Davis LLC,344
5943,1,White Inc,693
 5944,1, Carroll Mueller and Eichmann ,114 
5945,3,Hartmann-Crona,209
5946,2,Schuppe-Jones,600
 5947,5, Bins Oberbrunner and Cole ,820 
5948,2,Bernhard-Gutkowski,826
 5949,4, Hodkiewicz Emard and Tillman ,857 
5950,2,Sporer Group,329
5951,5,Hilll Inc,350
 5952,1, Douglas Mitchell and Welch ,978 
5953,4,Walsh-Bergstrom,443
5954,2,Welch-Hahn,508
5955,5,Moore Group,6
5956,5,Veum-Robel,343
 5957,4, Hansen Bernhard and Christiansen ,279 
5958,1,Harber Inc,777
5959,2,Schroeder-Schmeler,91
5960,3,Glover Inc,643
 5961,3, Dicki Turcotte and Schulist ,77 
5962,4,Toy-Mayert,640
5963,4,O'Kon-Anderson,558
5964,2,Kovacek Inc,952
5965,5,Marvin and Sons,175
5966,6,Rice-Funk,140
5967,2,Ratke LLC,550
5968,4,Hyatt Inc,995
 5969,3, Bergnaum Anderson and Toy ,504 
5970,6,Smith-Parisian,263
 5971,1, Moen Hermiston and Crooks ,663 
 5972,4, Pacocha Schuster and Nicolas ,975 
5973,5,Shanahan Inc,732
5974,4,Crooks and Sons,558
5975,5,Kiehn-Bartell,22
 5976,2, Legros Mills and Murphy ,91 
 5977,2, Konopelski Casper and Heller ,794 
5978,3,Tremblay LLC,819
5979,1,O'Hara-Cartwright,821
5980,4,Turcotte-Morissette,209
5981,1,Wunsch Inc,712
 5982,3, Nader Stracke and Moore ,23 
5983,1,Gleichner-Koch,580
 5984,2, Lemke Homenick and Howell ,781 
5985,3,Connelly and Sons,514
 5986,5, Runolfsson Muller and Kerluke ,570 
5987,5,O'Keefe and Sons,303
5988,3,O'Reilly Inc,730
 5989,1, Schaefer Thiel and Hagenes ,156 
 5990,6, Cronin Douglas and Spencer ,141 
5991,6,Luettgen-Block,576
 5992,1, Fay Konopelski and Boyer ,709 
5993,1,Koepp Group,43
5994,6,Daugherty Group,933
5995,2,Treutel Inc,455
5996,1,Daniel Inc,195
 5997,4, Hessel Feeney and Feest ,471 
 5998,6, Lehner Connelly and Feil ,414 
5999,3,Hoeger-Turcotte,540
6000,4,Kris-Little,915
