id,NOMBREVIVIENDA;
1,Lorant;
2,Nichole;
3,Fidelio;
4,Kenna;
5,Oralle;
6,Eustace;
7,Ruthanne;
8,Olvan;
9,Pauly;
10,Valentijn;
11,Linda;
12,Pearce;
13,Dene;
14,Mariejeanne;
15,Elinore;
16,Sherilyn;
17,Ellette;
18,Kris;
19,Margette;
20,Leslie;
21,Tybi;
22,Sammy;
23,Alica;
24,Katerine;
25,Cliff;
26,Jedd;
27,Jasper;
28,Mohammed;
29,Fayette;
30,Belia;
31,Marybelle;
32,Maudie;
33,Guy;
34,Torre;
35,Marcela;
36,Freemon;
37,Berky;
38,Allegra;
39,Joy;
40,Ellie;
41,Doreen;
42,Hazel;
43,Velvet;
44,Neddie;
45,Magnum;
46,Nels;
47,Marnia;
48,Davidson;
49,Franklin;
50,Dorian;
51,Aurelie;
52,Rosalia;
53,Tiertza;
54,Loraine;
55,Tyson;
56,Gwennie;
57,Jana;
58,Marcel;
59,Roshelle;
60,Lorant;
61,Theodoric;
62,Anderson;
63,Sheelah;
64,Joyan;
65,Shurlock;
66,Irvine;
67,Borden;
68,Donelle;
69,Odell;
70,Anne-corinne;
71,Almeria;
72,Camilla;
73,Miguelita;
74,Coreen;
75,Enos;
76,Nat;
77,Mycah;
78,Bennett;
79,Wilton;
80,Witty;
81,Katina;
82,Zea;
83,Kristal;
84,Dory;
85,Eileen;
86,Kassie;
87,Jana;
88,Xymenes;
89,Portie;
90,Joscelin;
91,Egbert;
92,Elenore;
93,Gabriela;
94,Regan;
95,Aloise;
96,Fields;
97,Ernest;
98,Byran;
99,Star;
100,Christal;
101,Kesley;
102,Somerset;
103,Malvina;
104,Cissiee;
105,Teena;
106,Morgana;
107,Gideon;
108,Efren;
109,Cindra;
110,Debor;
111,Nickie;
112,Sherlocke;
113,Jasun;
114,Stella;
115,Bobina;
116,Leticia;
117,Corinna;
118,Raina;
119,Gerardo;
120,Alex;
121,Kandy;
122,Nerty;
123,Florrie;
124,Karilynn;
125,Nevsa;
126,Hans;
127,Jody;
128,Hilton;
129,Chase;
130,Lamont;
131,Chicky;
132,Tristan;
133,Willow;
134,Harriett;
135,Jarvis;
136,Bondon;
137,Basilius;
138,Jeremiah;
139,Oona;
140,Royall;
141,Elysha;
142,Wynny;
143,Marion;
144,Rutledge;
145,Dion;
146,Urbano;
147,Caspar;
148,Jobyna;
149,Caril;
150,Jasmina;
151,Willi;
152,Blair;
153,Hermon;
154,Lelah;
155,Ranee;
156,Daffie;
157,Petronille;
158,Myra;
159,Kerianne;
160,Sigismondo;
161,Ava;
162,Jessee;
163,Stefa;
164,Sukey;
165,Betsy;
166,Shaine;
167,Fitzgerald;
168,Jorrie;
169,Marcille;
170,Cristionna;
171,Alfy;
172,Heriberto;
173,Cordula;
174,Adrea;
175,Haywood;
176,Tessy;
177,Dalton;
178,Ivor;
179,Phillip;
180,Jaquenette;
181,Perl;
182,Gigi;
183,Welch;
184,Arnold;
185,Ado;
186,Graham;
187,L;urette
188,Amelita;
189,Laurianne;
190,Sebastian;
191,Ali;
192,Sheridan;
193,Feodora;
194,Newton;
195,Barry;
196,Temp;
197,Kym;
198,Upton;
199,Gordon;
200,Farica;
201,Neile;
202,Yevette;
203,Cassius;
204,Regan;
205,Frances;
206,Dulcie;
207,Mace;
208,Grissel;
209,Mannie;
210,Harriett;
211,Westleigh;
212,Rolando;
213,Shirley;
214,Merrie;
215,Isahella;
216,Lisbeth;
217,Shelley;
218,Hayden;
219,Birch;
220,Maximilien;
221,Naomi;
222,Heida;
223,Hoebart;
224,Melisse;
225,Garvy;
226,Reube;
227,Chrissie;
228,Basilio;
229,Rosalia;
230,Anitra;
231,Bennie;
232,Chen;
233,Roddie;
234,Lorne;
235,Major;
236,Daphna;
237,Collette;
238,Debra;
239,Tilda;
240,Malissa;
241,Marketa;
242,Neil;
243,Appolonia;
244,Bradan;
245,Carroll;
246,Gilles;
247,Phylis;
248,Kareem;
249,Irene;
250,Christabella;
251,Brittaney;
252,Wesley;
253,Adrienne;
254,Susannah;
255,Barnabe;
256,Delbert;
257,Melessa;
258,Alexi;
259,Clarice;
260,Olin;
261,Liam;
262,Kinnie;
263,Meggie;
264,Dannie;
265,Blake;
266,Vicky;
267,Durward;
268,Sherwin;
269,Nobie;
270,Diann;
271,Katha;
272,Aylmer;
273,Jasmin;
274,Rosanne;
275,Karlens;
276,Renado;
277,Rochell;
278,Florentia;
279,Tabb;
280,Brade;
281,Hortense;
282,Broddie;
283,Ana;
284,Pepi;
285,Susy;
286,Jewel;
287,Chelsy;
288,Betsy;
289,Ursuline;
290,Hilde;
291,Harrie;
292,Darline;
293,Lainey;
294,Jade;
295,Zacherie;
296,Suzi;
297,Nerti;
298,Phylis;
299,Andrea;
300,Hercule;
301,Gillan;
302,Hamilton;
303,Merl;
304,Guenevere;
305,Susie;
306,Silvano;
307,Robinett;
308,Valenka;
309,Chrysa;
310,Abbey;
311,Shelby;
312,Tuesday;
313,Roddy;
314,Emalia;
315,Angel;
316,Armand;
317,Lynna;
318,Delainey;
319,Beret;
320,Brandice;
321,Nancie;
322,Leupold;
323,Jeanna;
324,Brendis;
325,Phylys;
326,Melonie;
327,Trev;
328,Jody;
329,Kennedy;
330,Dianemarie;
331,Sheilah;
332,Isabelle;
333,Danella;
334,Bradford;
335,Merry;
336,Donovan;
337,Sibyl;
338,Elnar;
339,Iorgo;
340,Modestine;
341,Neddie;
342,Norby;
343,Jasmin;
344,Zarla;
345,Neall;
346,Mikael;
347,Sholom;
348,Guillema;
349,Thebault;
350,Lissie;
351,Marcia;
352,Juli;
353,Dario;
354,Prent;
355,Dacy;
356,Judy;
357,Moritz;
358,Kathleen;
359,Lindi;
360,Lisbeth;
361,Lonnie;
362,Jacinta;
363,Tallou;
364,Tonye;
365,Tilly;
366,Kinna;
367,Nicol;
368,Dulciana;
369,Joycelin;
370,Sinclair;
371,Artemis;
372,Farica;
373,York;
374,Rebe;
375,Gena;
376,Hillie;
377,Raynell;
378,Cilka;
379,Maureene;
380,Faunie;
381,Rochette;
382,Avery;
383,Trevor;
384,Janeczka;
385,Hephzibah;
386,Willdon;
387,Darius;
388,Fredelia;
389,Corena;
390,Estrellita;
391,Chiquia;
392,Margarete;
393,Grata;
394,Marysa;
395,Monti;
396,Leigha;
397,Donica;
398,Madelin;
399,Howey;
400,Thedric;
401,Oliy;
402,Em;
403,Alisander;
404,Michelle;
405,Margi;
406,Isadore;
407,Rosamund;
408,Bessy;
409,Duky;
410,Horatia;
411,Merrili;
412,Wilbert;
413,Gilemette;
414,Aurelea;
415,Dita;
416,Zorana;
417,Matilde;
418,Lydia;
419,Sharyl;
420,Bee;
421,Wini;
422,Maris;
423,Joyous;
424,Marguerite;
425,Lazaro;
426,Wakefield;
427,Joy;
428,Stephine;
429,Morgen;
430,Elfreda;
431,Dion;
432,Eolande;
433,Essa;
434,Patsy;
435,Vernice;
436,Doralyn;
437,Reinwald;
438,Ferris;
439,Adlai;
440,Yardley;
441,Ilyssa;
442,Cris;
443,Marika;
444,Phaidra;
445,Desiree;
446,Robinetta;
447,Daisy;
448,Adan;
449,Ramonda;
450,Zola;
451,Lorianne;
452,Verine;
453,Beatriz;
454,Jerad;
455,Mellisent;
456,Pascale;
457,Phaidra;
458,Twyla;
459,Brok;
460,Beniamino;
461,Alexandre;
462,Mab;
463,Roby;
464,Marijo;
465,Neall;
466,Bendix;
467,Fifine;
468,Annabella;
469,Huntley;
470,Gerrie;
471,Andee;
472,Kora;
473,Merle;
474,Tiertza;
475,Pru;
476,Vaclav;
477,Nicolas;
478,Florencia;
479,Alden;
480,Chevy;
481,Alexandros;
482,Anders;
483,Ellerey;
484,Claudius;
485,Arlette;
486,Valaree;
487,De witt;
488,Davina;
489,Ward;
490,Terrijo;
491,Xylia;
492,Lenci;
493,Madelene;
494,Conroy;
495,Darci;
496,Ashlee;
497,Alyse;
498,Ronald;
499,Byrle;
500,Vita;
501,Leland;
502,Benoit;
503,Murry;
504,Markos;
505,Saunderson;
506,Florence;
507,Bartel;
508,Giselle;
509,Gwendolyn;
510,Joellyn;
511,Moshe;
512,Barbee;
513,Calley;
514,Evin;
515,Matthiew;
516,Kellie;
517,Leta;
518,Hesther;
519,Avigdor;
520,Dorian;
521,Lucais;
522,Mick;
523,Bertram;
524,Rey;
525,Vida;
526,Erwin;
527,Sandy;
528,Kyla;
529,Chrysa;
530,Benito;
531,Ramonda;
532,Marieann;
533,Thomas;
534,Lorettalorna;
535,Lauren;
536,Wilhelmine;
537,Jeddy;
538,Katine;
539,Algernon;
540,Patton;
541,Fred;
542,Mano;
543,Pieter;
544,Lambert;
545,Tatum;
546,Waite;
547,Vivi;
548,Frankie;
549,Parsifal;
550,Kathleen;
551,Dallon;
552,Karin;
553,Kristyn;
554,Cherrita;
555,Shandra;
556,Oswell;
557,Gaylord;
558,Garwin;
559,Budd;
560,Conny;
561,Jennine;
562,Lorraine;
563,Robby;
564,Art;
565,Mariellen;
566,Arte;
567,Creigh;
568,Alon;
569,Nathan;
570,Vaughan;
571,Annice;
572,Graehme;
573,Jo;
574,Benni;
575,Anne-corinne;
576,Bobbie;
577,Trixy;
578,Valeria;
579,Kathleen;
580,Dickie;
581,Tore;
582,Carole;
583,Ora;
584,Selene;
585,Rozalin;
586,Broderic;
587,Anderea;
588,Allx;
589,Beatrix;
590,Vikki;
591,Emalia;
592,Auguste;
593,Faunie;
594,Carce;
595,Bessie;
596,Tatum;
597,Gratiana;
598,Stuart;
599,Heywood;
600,Tanitansy;
601,My;
602,Lexis;
603,Bobbie;
604,Preston;
605,Kalindi;
606,Anni;
607,Winnifred;
608,Madalena;
609,Francine;
610,Udell;
611,Sutton;
612,Skell;
613,Cull;
614,Garvy;
615,Quintina;
616,Petunia;
617,Robbin;
618,Carlee;
619,Chan;
620,Jessee;
621,Alexandre;
622,Yankee;
623,Trevor;
624,Rodolphe;
625,Zelda;
626,Renaud;
627,Angeline;
628,Lotta;
629,Winfield;
630,Arielle;
631,Deane;
632,Adi;
633,Angel;
634,Rinaldo;
635,Ber;
636,Alex;
637,Fulvia;
638,Otha;
639,Dore;
640,Querida;
641,Corette;
642,Shellysheldon;
643,Danell;
644,Kacie;
645,Bryon;
646,Nananne;
647,Martino;
648,Erminia;
649,Francisco;
650,Jamison;
651,Rozina;
652,Rudyard;
653,Sisile;
654,Mellicent;
655,Thalia;
656,Thorvald;
657,Mechelle;
658,Johan;
659,Cedric;
660,Mireielle;
661,Betty;
662,Hagen;
663,Orran;
664,Gaspard;
665,Renelle;
666,Cullan;
667,Leeland;
668,Aloysia;
669,Mitchel;
670,Seumas;
671,Delora;
672,Wilton;
673,Gardener;
674,Stu;
675,Atlante;
676,Towny;
677,Yanaton;
678,Moira;
679,Salvador;
680,Aharon;
681,Scotti;
682,Marquita;
683,Kellie;
684,Linea;
685,Verne;
686,Brier;
687,Abagail;
688,Julietta;
689,Carole;
690,Dolph;
691,Courtenay;
692,Briano;
693,Inessa;
694,Darda;
695,Alaine;
696,Susanne;
697,Davon;
698,Alyosha;
699,Lebbie;
700,Frederic;
701,Steffane;
702,Dyanna;
703,Ali;
704,Happy;
705,Dorey;
706,Richard;
707,Clare;
708,Alma;
709,Darrel;
710,Colette;
711,Ira;
712,Winston;
713,Cordey;
714,Jocko;
715,Betteann;
716,Tonye;
717,Kellby;
718,Jose;
719,Rubin;
720,Becki;
721,Bertie;
722,Thadeus;
723,Ike;
724,Neala;
725,Noland;
726,Edithe;
727,Freida;
728,Koenraad;
729,Jules;
730,Adeline;
731,Stanleigh;
732,Percival;
733,Fonzie;
734,Siobhan;
735,Ciel;
736,Shayne;
737,Artemas;
738,Holly;
739,Horton;
740,Robbin;
741,Aurore;
742,Colene;
743,Adriena;
744,Letizia;
745,Stewart;
746,Analise;
747,Lars;
748,Joby;
749,Kaycee;
750,Siouxie;
751,Mara;
752,Rachelle;
753,Collen;
754,Phyllida;
755,Kenna;
756,Madge;
757,Elyse;
758,Luisa;
759,Trista;
760,Ibrahim;
761,Norina;
762,Franciskus;
763,Gail;
764,Harley;
765,Aeriell;
766,Clari;
767,Maxi;
768,Theda;
769,Chery;
770,Kissie;
771,Carey;
772,Gilbertine;
773,Reeva;
774,Anselma;
775,Arnie;
776,Maxie;
777,Harmonie;
778,Leoine;
779,Cinderella;
780,Catha;
781,Holden;
782,Jesse;
783,Ruthe;
784,Shandeigh;
785,Boris;
786,Jacky;
787,Carmine;
788,Fowler;
789,Ezra;
790,Ruthe;
791,Abbye;
792,Harli;
793,Madlen;
794,Wat;
795,Alix;
796,Randie;
797,Claresta;
798,Kathryn;
799,Donella;
800,Reggy;
801,Alison;
802,Augustin;
803,Martina;
804,Corie;
805,Robinet;
806,Austin;
807,Tull;
808,Newton;
809,Hashim;
810,Lon;
811,Grethel;
812,Oswald;
813,Bobine;
814,Suzanne;
815,Jackie;
816,Lemmie;
817,Clary;
818,Alister;
819,Cacilie;
820,Karon;
821,Clea;
822,Mendie;
823,Malinde;
824,Sydel;
825,Miriam;
826,Alessandra;
827,Antonietta;
828,Langsdon;
829,Greer;
830,Michaelina;
831,Monique;
832,Amabel;
833,Kerstin;
834,Iosep;
835,Vilma;
836,Walsh;
837,Alano;
838,Rodger;
839,Rori;
840,Brigida;
841,Basilius;
842,Ruprecht;
843,Alysa;
844,Leeanne;
845,Arielle;
846,Orton;
847,Yelena;
848,Xena;
849,Elliot;
850,Tamara;
851,Ken;
852,Eberto;
853,Margret;
854,Susannah;
855,Amery;
856,Lynnea;
857,Aurilia;
858,Anna-diane;
859,Filia;
860,Otto;
861,Gare;
862,Rebekah;
863,Prudi;
864,Andrey;
865,Ezmeralda;
866,Vin;
867,Glory;
868,Marisa;
869,Valma;
870,Alvy;
871,Wenonah;
872,Lorinda;
873,Em;
874,Ashleigh;
875,Blondie;
876,Deloria;
877,Lance;
878,Corinna;
879,Gregoire;
880,Elmo;
881,Harmonie;
882,Robina;
883,Ortensia;
884,Tammara;
885,Orazio;
886,Gianna;
887,Orville;
888,Tyrus;
889,Lurlene;
890,Isacco;
891,Jarret;
892,Rodge;
893,Kort;
894,Candice;
895,Florinda;
896,Elizabeth;
897,Filia;
898,Vaughan;
899,Madison;
900,Lesli;
901,Johna;
902,Constance;
903,Aubrey;
904,Fergus;
905,Marjie;
906,Justen;
907,Debra;
908,Delly;
909,Amil;
910,Jessie;
911,Melisse;
912,Hallsy;
913,Dawn;
914,Maryanne;
915,Lind;
916,Jacquelynn;
917,Daune;
918,Vanya;
919,Dennet;
920,Shaughn;
921,Ellene;
922,Karil;
923,Leandra;
924,Nickie;
925,Riki;
926,Lexy;
927,Lucille;
928,Sibella;
929,Andrei;
930,Olympia;
931,Oby;
932,Lawrence;
933,Moina;
934,Marylee;
935,Arlin;
936,Brander;
937,Osgood;
938,Cozmo;
939,Drusie;
940,Birgit;
941,Milissent;
942,Coralyn;
943,Bron;
944,Tybie;
945,Jervis;
946,Janeta;
947,Angy;
948,Bent;
949,Berget;
950,Lurleen;
951,Xerxes;
952,Perkin;
953,Magdalen;
954,Janka;
955,Sinclare;
956,Ira;
957,Willard;
958,Aurie;
959,Hersch;
960,Margaretta;
961,Dniren;
962,Shayla;
963,Sonja;
964,Lorant;
965,Rahel;
966,Bibby;
967,Linnet;
968,Fremont;
969,Rolph;
970,Sharlene;
971,Nathalie;
972,Weider;
973,Kenn;
974,Ferris;
975,Charles;
976,Dotti;
977,Mervin;
978,Gradey;
979,Pepe;
980,Ketty;
981,Cassie;
982,Shelton;
983,Hamish;
984,Lynnell;
985,Jamal;
986,Ailee;
987,Leonidas;
988,Elspeth;
989,Chrystel;
990,Giulia;
991,Elfrieda;
992,Holly-anne;
993,Arabel;
994,Xerxes;
995,Louie;
996,Tye;
997,Artie;
998,Darnell;
999,Lissie;
1000,Clio;
